"my X, DM to add/modify list https://twitter.com/shaig  - or email sgoldman@brex.com Linkedin https://www.linkedin.com/in/shaigoldman/ Founders and VCs:  sign up for Brex here:  www.brex.com/shai sorted by year raised as this is a resource for founders who are raising capital.  The more recent the fund was raisied, the more capital the VC firm tends to have available for new investments  ","Fund Name","Amount Raised $M USD","Date announced and or Raised","Year Raised","Fund Number","Location","Notes","","","","","","","","","","","","",""
"1","Antler US Fund","$160","1/5/2026","2026","II","NYC","https://www.wsj.com/articles/venture-firm-antler-made-over-400-investments-last-yearand-just-reloaded-with-160-million-25ed800b?mod=author_content_page_1_pos_1","","","","","","","","","","","","",""
"2","Refactor Capital","$50","5/7/2026","2026","V","SF","https://www.linkedin.com/posts/zalzally_bettercallzal-share-7458148929831026688-4vm3?utm_source=share&utm_medium=member_desktop&rcm=ACoAAAA8VlsBsPDcgj7zewC4eVrRxfkylBdwZa8","","","","","","","","","","","","",""
"3","Worldbuild","$30","5/6/2026","2026","I","NYC","https://www.upstartsmedia.com/p/sumeet-singh-worldbuild-30m-a16z","","","","","","","","","","","","",""
"4","Haystack Ventures","$85","4/26/2026","2026","VIII","SF","https://semilshah.com/2026/04/26/new-funds-for-haystack/","","","","","","","","","","","","",""
"5","Humbition","$45","4/26/2026","2026","II","NYC","https://humbition.com/","","","","","","","","","","","","",""
"6","Texas Oncology","$62","4/22/2026","2026","II","Dallas, TX","","","","","","","","","","","","","",""
"7","Collide Capital","$95","4/9/2026","2026","II","NYC","https://techcrunch.com/2026/04/09/collide-capital-raises-95m-fund-to-back-fintech-future-of-work-startups/","","","","","","","","","","","","",""
"8","Scout Ventures","$125","3/10/2026","2026","V","Austin, TX","https://www.tectonicdefense.com/scout-ventures-raises-125m-fund-v/?utm_source=linkedin&utm_medium=organic-social&utm_campaign=post","","","","","","","","","","","","",""
"9","Breakout Ventures","$114","3/10/2026","2026","III","SF","","","","","","","","","","","","","",""
"10","Pax","$50","3/9/2026","2026","I","SF","https://michellevolz1.substack.com/p/introducing-pax?r=4oa7kp&utm_medium=ios&triedRedirect=true&utm_source=substack","","","","","","","","","","","","",""
"11","TheFounderVC","$5","3/3/2026","2026","I","SF, Seattle","https://www.linkedin.com/posts/activity-7434640250255220736--4YZ?utm_source=share&utm_medium=member_desktop&rcm=ACoAAAA8VlsBsPDcgj7zewC4eVrRxfkylBdwZa8","","","","","","","","","","","","",""
"12","Also Capital","$50","2/24/2026","2026","II","NYC","https://www.alsoblogposts.com/p/announcing-also-capitals-50m-second","","","","","","","","","","","","",""
"13","SNAK Venture Partners","$50","2/4/2026","2026","I","Chicaog","https://techcrunch.com/2026/02/04/snak-venture-partners-raises-50m-fund-to-back-digitizing-marketplaces/","","","","","","","","","","","","",""
"14","2048 Ventures","$82","1/29/2026","2026","III","NYC","https://www.2048.vc/blog/2048-ventures-fund-iii","","","","","","","","","","","","",""
"15","Deep33","$150","1/20/2026","2026","I","Israel, NYC, LA","https://www.jpost.com/defense-and-tech/article-883970","","","","","","","","","","","","",""
"16","Virtue","$56","1/18/2025","2025","II","Austin, TX","https://www.virtuevc.com/virtue-fund-ii-launch","","","","","","","","","","","","",""
"17","Belief Capital","$20","12/22/2025","2025","I","US","https://sifted.eu/articles/belief-capital-kevin-costa-solo-gp","","","","","","","","","","","","",""
"18","Lulu Cheng Meservey","$40","12/7/2025","2025","I","Washington DC","https://www.axios.com/2025/12/07/lulu-cheng-meservey-venture-capital","","","","","","","","","","","","",""
"19","Valkyrie","$45","12/4/2025","2025","I","Bay Area","https://www.forbes.com/sites/phoebeliu/2025/12/04/this-sv-angel-is-going-solo-with-a-45-million-venture-fund/","","","","","","","","","","","","",""
"20","Anti Fund","$30","12/3/2025","2025","I","Los Angeles","https://www.foxbusiness.com/sports/jake-logan-paul-business-partners-first-time-major-venture-capital-firm-news","","","","","","","","","","","","",""
"21","Female Founders Fund","$29","12/1/2025","2025","IV","NYC","https://fortune.com/2025/12/01/female-founders-fund-fourth-fund-emerging-managers-milestone/","","","","","","","","","","","","",""
"22","Baobab Ventures","$15","11/26/2025","2025","I","London, UK","https://x.com/Carles_Reina/status/1993631722609508599","","","","","","","","","","","","",""
"23","Park Rangers Capital","$4","11/14/2025","2025","I","NYC","https://fortune.com/2025/11/14/term-sheet-next-erica-wenger-on-elephants-branding-in-vc-and-her-first-fund/","","","","","","","","","","","","",""
"24","Maximum Fequency Ventures","$50","10/14/2025","2025","I","NYC","https://fortune.com/crypto/2025/10/14/maximum-frequency-ventures-mo-shaikh-aptos-labs-50m-fundraise/?mofers","","","","","","","","","","","","",""
"25","nvp capital","$80","10/13/2025","2025","II","NYC","https://nvpcap.com/blog/nvp-capital-fund-2/","","","","","","","","","","","","",""
"26","Root Ventures","$190","10/10/2025","2025","IV","Bay Area","","","","","","","","","","","","","",""
"27","Founders' Co-Op","$50","11/4/2025","2025","VII","Seattle, WA","https://www.linkedin.com/pulse/announcing-founders-co-op-vi-chris-devore-y4s4c/?trackingId=QNUpAMISbQQHRrGwmzPGJA%3D%3D","","","","","","","","","","","","",""
"28","Engineering Capital","$65","10/29/2025","2025","V","Bay Area","","","","","","","","","","","","","",""
"29","Sequoia Seed Fund","$200","10/27/2025","2025","VII","Bay Area","","","","","","","","","","","","","",""
"30","Crystal Ventture Partners","$33","10/6/2025","2025","I","NYC","https://fortune.com/2025/10/06/crystal-venture-partners-insurance-ai-venture-capital-new-york/","","","","","","","","","","","","",""
"31","Striker Venture Partners","$165","10/3/2025","2025","I","Bay Area","https://www.wsj.com/articles/new-firm-striker-venture-partners-has-a-simple-formula-one-fund-10-lps-10-investments-5e5ae631?mod=vc_fund-news_article_pos1&tpl=vc","","","","","","","","","","","","",""
"32","Better Tomorrow Ventures","$140","10/2/2025","2025","III","Bay Area, NYC","https://techcrunch.com/2025/10/01/better-tomorrow-ventures-closes-140m-remains-bullish-on-fintech/","","","","","","","","","","","","",""
"33","Boost VC","$87","9/29/2025","2025","IV","Bay Area","https://fortune.com/2025/09/29/adam-draper-boost-vc-crypto-bitcoin-venture-capital/","","","","","","","","","","","","",""
"34","Flybridge Ventures","$100","9/10/2925","2025","VII","NewYork, Boston","https://www.flybridge.com/ideas/the-bow/announcing-flybridge-2025","","","","","","","","","","","","",""
"35","Forward Deployed","$45","8/7/2025","2025","II","Bay Area","https://www.bloomberg.com/news/articles/2025-08-05/vc-firm-raises-cash-from-150-alumni-from-palantir-spacex?accessToken=eyJhbGciOiJIUzI1NiIsInR5cCI6IkpXVCJ9.eyJzb3VyY2UiOiJTdWJzY3JpYmVyR2lmdGVkQXJ0aWNsZSIsImlhdCI6MTc2NTE2MjkzMSwiZXhwIjoxNzY1NzY3NzMxLCJhcnRpY2xlSWQiOiJUMElQOFJHUFFRNlQwMCIsImJjb25uZWN0SWQiOiI5MEYwRjNDRDZBRDA0NDE0QTgzQjA2MUMzREI0QjUzRSJ9.2m7ZkQTJGRodP_ktx8195x08KWAbvaLevgXMJGoc8-M&leadSource=uverify%20wall","","","","","","","","","","","","",""
"36","Deciens Capital","","7/29/2025","2025","III","New Mexico","https://deciens.com/press-and-insights/announcing-the-close-of-fund-iii","","","","","","","","","","","","",""
"37","Cambrian Ventures","$20","7/16/2025","2025","II","Bay Area","https://techcrunch.com/2025/07/16/rex-salisburys-cambrian-ventures-raises-new-fund-bucking-fintech-slowdown/","","","","","","","","","","","","",""
"38","Verified","$175","","2025","I","Bay Area","https://www.forbes.com/sites/iainmartin/2025/07/15/coatue-veteran-kris-fredrickson-goes-it-alone-with-new-venture-fund/","","","","","","","","","","","","",""
"39","Propel Ventures Partners","$100","7/11/2025","2025","V","Bay Area","https://www.linkedin.com/pulse/big-news-from-propel-propelvc-6lnrc/?trackingId=XJXuBgUwRv22m4%2FxtFON8A%3D%3D","","","","","","","","","","","","",""
"40","Sarah Smith Fund","$16","7/10/2025","2025","I","Bay Area","https://www.linkedin.com/posts/sasmith4_thrilled-to-announce-the-16m-final-close-activity-7349215341228511234-uBV1?utm_source=share&utm_medium=member_desktop&rcm=ACoAAAA8VlsBsPDcgj7zewC4eVrRxfkylBdwZa8","","","","","","","","","","","","",""
"41","Counterpart Ventures","$132","6/25/2025","2025","III","Bay Area","https://fortune.com/2025/06/25/exclusive-counterpart-ventures-closes-132-million-third-fund-to-link-cvcs-and-startups/","","","","","","","","","","","","",""
"42","Collab Capital","$75","6/11/2025","2025","II","Atlanta","https://techcrunch.com/2025/06/11/jewel-burks-solomons-collab-capital-has-closed-a-new-75m-fund/","","","","","","","","","","","","",""
"43","Seven Stars","$40","6/11/2025","2025","I","Bay Area","https://fortune.com/2025/06/11/term-sheet-next-steven-lee-an-sv-angel-alum-launches-seven-stars-with-40-million-vc-fund-for-seed-and-pre-seed-ai-startups/","","","","","","","","","","","","",""
"44","Bloomberg Beta","$75","6/9/2025","2025","V","Bay Are and NYC","https://www.linkedin.com/posts/roybahat_foundersfirst-activity-7337916672713854976-vH-i?utm_source=share&utm_medium=member_desktop&rcm=ACoAAAA8VlsBsPDcgj7zewC4eVrRxfkylBdwZa8","","","","","","","","","","","","",""
"45","Modern Technica Fund","$22","6/4/2025","2025","I","Bay Area","https://www.upstartsmedia.com/p/amanda-robson-raises-22-million-for-mtf","","","","","","","","","","","","",""
"46","OVNI Capital","$68","5/27/2025","2025","I","Paris, France","https://www.ovni.capital/","","","","","","","","","","","","",""
"47","Scribble Ventrues","$80","5/21/2025","2025","III","Bay Area","https://techcrunch.com/2025/05/21/in-a-crowded-vc-landscape-elizabeth-weils-scribble-ventures-shows-that-networks-still-matter/","","","","","","","","","","","","",""
"48","Gilgamesh","$20","5/21/2025","2025","II","NYC","","","","","","","","","","","","","",""
"49","Creator Ventures","$45","5/20/2025","2025","II","NYC","https://x.com/SashaKaletsky/status/1924827935711625630","","","","","","","","","","","","",""
"50","Dynamo Ventures","$54","5/16/2025","2025","III","Tennessee","https://www.linkedin.com/posts/jonbradford_super-proud-to-announce-that-we-have-closed-activity-7328403732503609344-D7Ee?utm_source=share&utm_medium=member_desktop&rcm=ACoAAAA8VlsBsPDcgj7zewC4eVrRxfkylBdwZa8","","","","","","","","","","","","",""
"51","Browder Capital","$30","5/14/2025","2025","IV","","https://x.com/jbrowder1/status/1922661728086818934","","","","","","","","","","","","",""
"52","Work-Bench","$160","5/12/2025","2025","IV","NYC","https://links.newsletter.fortune.com/e/evib?_t=5c2d888702774d17aa3d0350287b6d73&_m=696e76caff8f4f82b79c4e64e8aae9a2&_e=T0wRob9iViCI8up-8Kaj72uz1Z2Bs2d-jvn5spdkF1IsomkJJpF6SWtqPSmmCsRp","","","","","","","","","","","","",""
"53","Eathing","$5","4/30/2025","2025","I","","","","","","","","","","","","","","",""
"54","Symphonic Capital ","$14","4/10/2025","2025","I","San Diego, CA","https://fortune.com/2025/04/10/symphonic-capital-unveils-13-5-million-first-fund-to-back-digital-health-and-fintech-startups/","","","","","","","","","","","","",""
"55","Lerer Hippeau","$200","4/9/2025","2025","IX","NYC","https://www.linkedin.com/posts/lerer-hippeau-ventures_lh-at-15-activity-7315737783594090496-1f4C?utm_source=share&utm_medium=member_desktop&rcm=ACoAAAA8VlsBsPDcgj7zewC4eVrRxfkylBdwZa8","","","","","","","","","","","","",""
"56","Precursor Ventures","$66","4/9/2025","2025","V","Bay Area","https://www.theinformation.com/articles/charles-hudsons-precursor-navigating-ipo-drought?rc=doodew","","","","","","","","","","","","",""
"57","SemperVirens","$177","3/19/2025","2025","II","SF, NYC","https://links.newsletter.fortune.com/e/evib?_t=5c2d888702774d17aa3d0350287b6d73&_m=6a527b8263664784b23f25fc325b02e8&_e=6AIlj8SAUj8Uqsq8Jrcn4L6TDvBtDHnMOfFfBMjL4KZCB35euMXzN8dFdmyXCgEq","","","","","","","","","","","","",""
"58","Susa Ventures","$175","3/18/2025","2025","V","SF","https://susaventures.substack.com/p/susa-ventures-v-175m-for-seed-stage","","","","","","","","","","","","",""
"59","Pillar VC","$175","3/17/2025","2025","IV","Boston","","","","","","","","","","","","","",""
"60","Daybreak","$33","3/14/2025","2025","I","NYC","https://fortune.com/2025/03/14/rex-woodburys-daybreak-ventures-unveils-33-million-first-fund/","","","","","","","","","","","","",""
"61","Atria Ventures","$25","2/27/2025","2025","I","Bay Area","https://www.statnews.com/2025/02/27/who-to-know-series-highlights-next-generation-biotech-venture-capital-firms/?utm_campaign=twitter_organic&utm_source=twitter&utm_medium=social","","","","","","","","","","","","",""
"62","ResilienceVC","$56","2/27/2025","2025","I","DC","https://techcrunch.com/2025/02/27/resiliencevc-bucks-trend-unveils-56m-fund-to-back-fintechs-working-on-financial-inclusion/","","","","","","","","","","","","",""
"63","Afore","$185","2/21/2025","2025","IV","Bay Area","https://medium.com/@afore/afores-185-million-fund-iv-introducing-pre-seed-2-0-efabd59e3e78","","","","","","","","","","","","",""
"64","Cherryrock Capital","$172","2/19/2025","2025","I","Bay Area","https://www.cherryrockcapital.com/blog-posts/announcing-cherryrock-capital","","","","","","","","","","","","",""
"65","Slow Ventures Creator Fund","$63","2/13/2025","2025","I","SF, NYC","https://x.com/slow/status/1889692169776370126","","","","","","","","","","","","",""
"66","Thomas Reuters Ventures","$150","2/10/2025","2025","II","Dallas, NYC","https://www.thomsonreuters.com/en/press-releases/2025/february/thomson-reuters-announces-new-150-million-dollar-corporate-venture-capital-fund","","","","","","","","","","","","",""
"67","GTMfund","$54","2/6/2025","2025","II","","https://techcrunch.com/2025/02/04/how-max-altschuler-accidentally-founded-a-vc-firm-that-just-raised-another-54m/","","","","","","","","","","","","",""
"68","Angula Ventures","$125","2/3/2025","2025","III","London, NYC, Tel Aviv","https://medium.com/angularventures/announcing-our-125m-fund-iii-c66676c0eb1b","","","","","","","","","","","","",""
"69","Divergent Ventrues","$40","12/23/2024","2024","II","NYC","","","","","","","","","","","","","",""
"70","Swish Ventures","$60","12/2/2024","2024","I","Israel","https://techcrunch.com/2024/12/02/omri-casppi-launches-60m-fund-for-cyber-cloud-and-ai-startups/","","","","","","","","","","","","",""
"71","Initiate Ventures","$45","11/19/2024","2024","I","Bay Area","","","","","","","","","","","","","",""
"72","Portal Ventures","$75","11/15/2024","2024","II","","https://x.com/PortalVentures/status/1857073723813040390","","","","","","","","","","","","",""
"73","Infity Ventures","$184","10/22/2024","2024","II","Bay Area , NYC","https://www.businesswire.com/news/home/20241022917946/en/Infinity-Ventures-Closes-184M-Fund-II-to-Scale-Its-Operators-First-Investors-Second-Approach-to-Global-Fintech-and-Commerce-Investing","","","","","","","","","","","","",""
"74","Cyberstarts","$60","10/21/2024","2024","IV","Israel","","","","","","","","","","","","","",""
"75","Also Capital","$21","10/17/2024","2024","II","NYC","https://www.linkedin.com/posts/mike-annunziata-12853bb_today-im-proud-to-announce-also-capital-ugcPost-7252678042995556353-G9mP?utm_source=share&utm_medium=member_desktop","","","","","","","","","","","","",""
"76","Diagram Venturesq","$80","10/11/2024","2024","","Quebec, Canada","https://www.linkedin.com/posts/diagram-ventures_we-are-pleased-to-announce-that-we-have-activity-7250120316440453120-kK7E?utm_source=share&utm_medium=member_desktop","","","","","","","","","","","","",""
"77","Pangaea Ventures","$86","9/24/2024","2024","V","Vancouver, Canada","https://www.pangaeaventures.com/blog/pangaea-ventures-celebrates-final-close","","","","","","","","","","","","",""
"78","Acurio Ventures","$166","9/23/2024","2024","III","Spain","https://techcrunch.com/2024/09/23/all-iron-ventures-rebrands-as-acurio-ventures-with-a-new-e150m-follow-on-fund/?_bhlid=5ec65325d9f8e5b0e61d9b0e82361abf0636088a","","","","","","","","","","","","",""
"79","Avid Ventures","$87","9/19/2024","2024","II","NYC","https://fortune.com/2024/09/19/avid-ventures-raises-87-million-second-fund/","","","","","","","","","","","","",""
"80","The Fintech Fund","$10","9/18/2024","2024","II","NYC","https://www.axios.com/pro/fintech-deals/2024/09/18/this-week-in-fintech-nik-milanovic-fund","","","","","","","","","","","","",""
"81","Patron","$100","9/18/2024","2024","II","Bay Area, Los Angeles","https://patron.fund/blog/announcing-patron-fund-ii/","","","","","","","","","","","","",""
"82","Swift Ventures","$50","9/15/2024","2024","II","Bay Area","https://www.swift.vc/","","","","","","","","","","","","",""
"83","Fika Ventures","$160","9/11/2024","2024","IV","Los Angeles","https://www.linkedin.com/pulse/new-capital-same-values-introducing-fikas-160m-fund-iv-continuation-ipaec/?trackingId=dAA0gJQ7WQdHMg1uYJu7eA%3D%3D","","","","","","","","","","","","",""
"84","Asylum Ventures","$55","9/5/2024","2024","I","NYC","https://x.com/nchirls/status/1831694207737610285","","","","","","","","","","","","",""
"85","Wischoff Ventures","$50","9/4/2024","2024","III","NYC and Nashville","https://x.com/NWischoff/status/1831380382681591825","","","","","","","","","","","","",""
"86","Slauson","$100","9/4/2024","2024","II","Los Angeles","https://x.com/SlausonAndCo/status/1831346489899077996","","","","","","","","","","","","",""
"87","Crucible Capital","$55","9/1/2024","2024","I","NYC","https://www.cruciblecap.xyz/","","","","","","","","","","","","",""
"88","Oncology Ventures","$30","8/26/2024","2024","I","NYC","https://techcrunch.com/2024/08/26/cancer-survivor-launches-oncology-ventures-to-improve-care/","","","","","","","","","","","","",""
"89","HIPstr","$100","8/15/2024","2024","I","West Palm Beach, FL","https://refreshmiami.com/mark-bezos-west-palm-firm-raises-100m-for-inaugural-venture-fund-already-backing-6-startups/","","","","","","","","","","","","",""
"90","Flint Capital","$160","8/9/2024","2024","III","Boston","https://techcrunch.com/2024/08/08/flint-capital-raises-a-160m-through-unusual-fund-raising-strategy/","","","","","","","","","","","","",""
"91","SeedIL","$18","7/30/2024","2024","","Israel","https://www.calcalistech.com/ctechnews/article/bj3na00ukr","","","","","","","","","","","","",""
"92","Anthology Fund","$4,100","7/15/2024","2024","I","Bay Area","https://menlovc.com/anthology-fund/","","","","","","","","","","","","",""
"93","Westly Group","$100","7/3/2024","2024","I","Bay Area","https://westlygroup.com/on-axios-the-westly-group-closes-100-million-seed-fund-to-transform-the-worlds-largest-industries/","","","","","","","","","","","","",""
"94","Refactor Capital","$50","6/18/2024","2024","IV","Bay Area","","","","","","","","","","","","","",""
"95","Day One Ventures","$150","6/11/2024","2024","III","Bay Area","https://www.forbes.com/sites/dariashunina/2024/06/11/masha-buchers-day-one-ventures-raises-150m-fund-iii/","","","","","","","","","","","","",""
"96","High Alpha","$125","6/11/2024","2024","IV","Indiana","https://pulse2.com/high-alpha-125-million-fund-closed-for-fourth-fund/","","","","","","","","","","","","",""
"97","Collaborative Fund","$125","6/10/2024","2024","VI","NYC","https://techcrunch.com/2024/06/10/after-hits-like-reddit-and-scopley-collaborative-fund-easily-raised-a-125m-fund-to-tackle-climate-health-and-food/","","","","","","","","","","","","",""
"98","Italian Founders Fund","$54","6/10/2024","2024","I","Italy","https://italianfoundersfund.com/index.html","","","","","","","","","","","","",""
"99","Contour Venture Partners","$47","5/20/2024","2024","V","NYC","","","","","","","","","","","","","",""
"100","OpenseedVC","$10","5/20/2024","2024","I","","https://techcrunch.com/2024/05/20/openseedvc-which-backs-operators-in-africa-and-europe-starting-their-companies-reaches-first-close-of-10m-fund/","","","","","","","","","","","","",""
"101","NewVale Capital","$167","5/13/2024","2024","I","Boulder, CO","https://www.prnewswire.com/news-releases/newvale-capital-debuts-with-oversubscribed-167-million-fund-to-invest-in-the-services-architecture-of-the-life-science-industry-302142743.html","","","","","","","","","","","","",""
"102","Starshot Capital","$35","5/9/2024","2024","I","Bay Area","https://www.businesswire.com/news/home/20240422027302/en/Starshot-Capital-Launches-35M-Fund-to-Invest-in-Climate-Companies-That-Can-Avert-1-Gigaton-of-Emissions-by-2050","","","","","","","","","","","","",""
"103","97212 Ventures","$20","5/9/2024","2024","I","NYC","https://www.calcalistech.com/ctechnews/article/hkzoqb9ga","","","","","","","","","","","","",""
"104","Saga Ventures","$125","5/6/2024","2024","I","Bay Area","https://www.forbes.com/sites/alexkonrad/2024/05/06/saga-ventures-raises-125-million-to-invest-outside-silicon-valley-hype/?sh=5115126467d8","","","","","","","","","","","","",""
"105","Hyde Park Venture Partners","$98","5/6/2024","2024","IV","Chicago","","","","","","","","","","","","","",""
"106","Dept of XYZ","$5","5/2/2024","2024","I","NYC","https://fortune.com/crypto/2024/05/02/matt-homer-department-xyz-leshner-dfs-winklevoss-venture/","","","","","","","","","","","","",""
"107","Renegade Partners","$128","5/1/2024","2024","II","Bay Area","https://www.renegadepartners.com/blog/introducing-renegade-ii","","","","","","","","","","","","",""
"108","Scout Ventures","$94","5/1/2024","2024","IV","Austin, TX","https://www.prnewswire.com/news-releases/scout-ventures-announces-record-breaking-94-million-close-of-fund-iv-302132693.html","","","","","","","","","","","","",""
"109","Eniac Ventures","$160","4/24/2024","2024","VI","NYC","https://techcrunch.com/2024/04/24/seed-stage-firm-eniac-ventures-raises-220m-across-two-funds/","","","","","","","","","","","","",""
"110","Behind Geniuus","$9","4/23/2024","2024","II","San Diego, CA","https://twitter.com/paigefinnn/status/1782779702123667735","","","","","","","","","","","","",""
"111","SpringTide Ventures","$65","4/18/2024","2024","II","Boston, SLC, Bay Area","","","","","","","","","","","","","",""
"112","Maven Ventures","$60","4/16/2024","2024","IV","Bay Area","https://www.mavenventures.com/about","","","","","","","","","","","","",""
"113","Human Ventures","$50","4/15/2024","2024","II","NYC","","","","","","","","","","","","","",""
"114","Underscore","$58","4/12/2024","2024","III","Boston","https://underscore.vc/blog/the-next-generation-of-underscore-vc/","","","","","","","","","","","","",""
"115","Audacious Ventures","$150","4/4/2024","2024","I","Bay Area","","","","","","","","","","","","","",""
"116","Maniv","$140","4/3/2024","2024","III","Israel and NYC","","","","","","","","","","","","","",""
"117","Sunna Ventures","$40","4/2/2024","2024","I","Bay Area","https://www.linkedin.com/posts/luisdarbulu_im-very-excited-and-proud-to-announce-sunna-activity-7181115541888147456-6jSk?utm_source=share&utm_medium=member_desktop","","","","","","","","","","","","",""
"118","SYN Ventures","$100","3/27/2024","2024","I","West Palm Beach, Florida","https://www.linkedin.com/feed/update/urn:li:activity:7178885556414627840/","","","","","","","","","","","","",""
"119","1kx","$75","3/27/2024","2024","I","Germany","https://twitter.com/1kxnetwork/status/1773291564040605895?ref_src=twsrc%5Egoogle%7Ctwcamp%5Eserp%7Ctwgr%5Etweet","","","","","","","","","","","","",""
"120","Westbound","$100","3/14/2024","2024","II","LA","https://www.forbes.com/sites/alexkonrad/2024/03/14/westbound-raises-100-million-for-underrepresented-founders/?sh=77c687e2b2fd","","","","","","","","","","","","",""
"121","Prudence","$80","3/7/2024","2023","III","NYC","https://www.businesswire.com/news/home/20240307527488/en/Prudence-Closes-Its-80mm-Fund-III-To-Invest-In-Technology-Companies-Transforming-The-Built-World","","","","","","","","","","","","",""
"122","Commerce Ventures","$150","3/4/2024","2024","V","SF","https://www.prweb.com/releases/commerce-ventures-announces-oversubscribed-fund-v-to-continue-investing-in-the-future-of-retail-and-financial-services-302077182.html","","","","","","","","","","","","",""
"123","COTU Ventures","$54","2/27/2024","2024","II","Dubai","https://techcrunch.com/2024/02/26/cotu-ventures-launches-54m-fund-for-pre-seed-and-seed-startups-in-mena/?guccounter=1&guce_referrer=aHR0cHM6Ly90LmNvLw&guce_referrer_sig=AQAAAHJdX47Hq-U57HRRVFwdp2S5bxuiUMQ0YzCgrrxbOq8GV5SX-69pt0h3Wjpl8oQ8GJL4Lt6_1pmX75oqb6ae4npwodwda5ExHWkbSIER-U2W-iR0vXxyEenX5KdXlLPHQw1ob6ZwzPKMh6umNf_aro3DjrXRSg8rqecH2ZGQ2Xr-","","","","","","","","","","","","",""
"124","Ibex Ventures","$106","2/22/2024","2024","","Denver and Tel Aviv","https://www.timesofisrael.com/us-based-investment-firm-secures-106-million-for-fund-to-back-israeli-startups/","","","","","","","","","","","","",""
"125","Golden Ventures","$100","2/22/2024","2024","V","Toronto","","","","","","","","","","","","","",""
"126","Overture","$60","2/21/2024","2024","I","LA","https://twitter.com/Overture_VC/status/1760314185496580522","","","","","","","","","","","","",""
"127","Definition Capital","$80","2/21/2024","2024","I","NYC","https://medium.com/@DefinitionCapital/introducing-definition-67b582bb0763","","","","","","","","","","","","",""
"128","Bluestein Ventures","$45","2/20/2024","2024","III","Chicago","https://techcrunch.com/2024/02/20/bluestein-ventures-45m-food-tech-fund/","","","","","","","","","","","","",""
"129","Equal Ventures","$100","2/20/2024","2024","II","NYC","https://medium.com/@EqualVentures/announcing-175m-more-to-bridge-the-digital-divide-5f5ac816ebed","","","","","","","","","","","","",""
"130","iAngels","$70","2/19/2024","2024","II","Tel Aviv","https://www.calcalistech.com/ctechnews/article/bkkfg11bn6","","","","","","","","","","","","",""
"131","Breakwater Ventures","$10","2/14/2024","2024","I","Seattle","https://www.geekwire.com/2024/meet-seattles-newest-seed-fund-breakwater-ventures-emerges-to-back-early-stage-startups/","","","","","","","","","","","","",""
"132","Beta Boom","$15","","2024","II","Utah","https://www.prweb.com/releases/beta-boom-closes-14-5-million-fund-ii-to-invest-in-software-solutions-for-fastest-growing-yet-least-served-populations-302060107.html","","","","","","","","","","","","",""
"133","AIX Ventures","$202","2/13/2024","2024","II","Bay Area","https://www.aixventures.com/fund-news","","","","","","","","","","","","",""
"134","Voyager Ventures","$100","2/8/2024","2024","II","Bay Area and NYC","https://www.esgtoday.com/voyager-ventures-raises-100-million-for-climate-tech-vc-fund/","","","","","","","","","","","","",""
"135","Wonder Ventures","$102","2/5/2024","2024","IV","LA","https://techcrunch.com/2024/02/05/pre-seed-investor-wonder-ventures-102m/","","","","","","","","","","","","",""
"136","Basis Set","$185","2/2/2024","2024","III","SF","https://www.newcomer.co/p/exclusive-basis-set-raises-185-million","","","","","","","","","","","","",""
"137","Alt Capital","$150","2/1/2024","2024","I","SF","https://www.linkedin.com/posts/jackealtman_im-very-excited-today-to-share-my-next-chapter-activity-7158877349583757312-9jYP?utm_source=share&utm_medium=member_desktop","","","","","","","","","","","","",""
"138","New North Ventures","$22","2/1/2024","2024","I","Manchester, NH","https://www.newnorthventures.com/","","","","","","","","","","","","",""
"139","Ubiquity Ventures","$75","1/30/2024","2024","III","Bay Area","https://techcrunch.com/2024/01/30/ubiquity-ventures-75m-fund-3-software-beyond-the-screen/","","","","","","","","","","","","",""
"140","Acadian Ventures","$30","1/29/2024","2024","II","NYC","https://venturebeat.com/ai/acadian-ventures-raises-30m-for-vc-fund-focused-on-the-future-of-work/?utm_source=10xcapital.beehiiv.com&utm_medium=newsletter&utm_campaign=the-10x-capital-newsletter","","","","","","","","","","","","",""
"141","LDV Capital","$31","1/24/2024","2024","IV","NYC","https://www.ldv.co/blog/ldv-capital-raised-fourth-fund-to-continue-investing-in-people-building-businesses-powered-by-visual-technologies-and-artificial-intelligence","","","","","","","","","","","","",""
"142","Exponent Founders Capital","$75","1/4/2024","2024","II","NYC","https://techcrunch.com/2024/01/04/exponent-founders-capital-led-by-plaid-and-robinhood-alums-raises-75m-to-invest-in-early-stage-startups/?guccounter=1&guce_referrer=aHR0cHM6Ly90LmNvLw&guce_referrer_sig=AQAAANnI7UMq17RaUwSYbkPV5ZcC4KcJhAJga7c_J-sIUYVUltVzd57cFcBFeqVlw2EKg0BXXrL-XhKYqcmK-BXDanR9xeINGTESNJAJFPdLoxMo3AOq6YmRKrVD-KZskWgmCleNaO_xV9Og6PnQV9pnsolpgQrjpNDqDO2nyj1X-Nv5","","","","","","","","","","","","",""
"143","Ripple Ventures","$30","1/1/2024","2024","III","Toronto, California","","","","","","","","","","","","","",""
"144","The House Fund","$115","12/19/2023","2023","III","Bay Area","https://techcrunch.com/2023/10/25/the-house-fund-aims-to-invest-a-fresh-115m-in-berkeley-affiliated-startups/","","","","","","","","","","","","",""
"145","Springdale Ventures","$40","12/19/2023","2023","II","Austin, TX","https://agfundernews.com/springdale-ventures-closes-40m-fund-for-early-stage-consumer-brands-as-investors-were-here-to-help-remove-obstacles","","","","","","","","","","","","",""
"146","Climactic","$65","12/18/2023","2023","I","SF, NYC","https://www.climactic.vc/#strategy","","","","","","","","","","","","",""
"147","ARTIS Ventures","$200","12/18/2023","2023","IV","SF, NYC","https://www.av.co/","","","","","","","","","","","","",""
"148","Harpoon Ventures","$125","12/11/2023","2023","III","San Diego, CA","https://harpoon.vc/?tpcc=NL_Marketing","","","","","","","","","","","","",""
"149","53 Station","$190","11/27/2023","2023","I","Chicago","https://www.53stations.com/#about","","","","","","","","","","","","",""
"150","Twelve Below","$108","11/21/2023","2023","II","NYC","https://techcrunch.com/2023/11/21/twelve-below-secures-108m-across-two-new-funds/?guccounter=1&guce_referrer=aHR0cHM6Ly93d3cuZ29vZ2xlLmNvbS8&guce_referrer_sig=AQAAAJt_RsNMgnWtDG862eILwfJ6UA2TIZJd4qwtQIF3t3fXoPG62J6WVhO4enKdFbHnnYg16oV0vACb_QEvmJED0WsByTQqi9E6--DTiHeAi1ogzz3piBLFpWMDzPBWriGvAifM3GgyPIMl---kRuahO9-X0YIlFCQoQYQf39xM25jc","","","","","","","","","","","","",""
"151","Interplay","$46","11/13/2023","2023","III","NYC","https://techcrunch.com/2023/11/13/interplay-fund-venture-capital-b2b-marketplaces-vertical-software/","","","","","","","","","","","","",""
"152","ex/ante","$33","11/2/2023","2023","I","NYC","https://www.forbes.com/sites/alexkonrad/2023/11/02/exante-vc-firm-raises-33-million-for-agentic-tech/?sh=4f8c93bc5fa3","","","","","","","","","","","","",""
"153","Bee Partners","$50","11/2/2023","2023","IV","Bay Area","https://techcrunch.com/2023/11/01/bee-partners-venture-capital-pre-seed-deep-tech/","","","","","","","","","","","","",""
"154","Shield Capital","$186","10/16/2023","2023","I","Bay Area","https://shieldcap.com/announcements/shield-capital-closes-186-million-inaugural-venture-capital-fund","","","","","","","","","","","","",""
"155","Geek Ventures","$23","8/28/2023","2023","I","NYC","https://techcrunch.com/2023/08/28/geek-ventures-immigrant-venture-capital/","","","","","","","","","","","","",""
"156","Grand Ventures","$50","10/9/2023","2023","II","Grand Rapids, Michigan","https://techcrunch.com/2023/10/09/michigans-grand-ventures-announces-50m-early-stage-fund/?guccounter=1&guce_referrer=aHR0cHM6Ly93d3cuZ29vZ2xlLmNvbS8&guce_referrer_sig=AQAAANQpj7NCwb0IHkRQe_Pf7WwlH64OZ_mZIuUYVWTwd9nmsSFEsc28XQWct-m6OJRqmhr2xDUEwL4Rr-JybEcVXrq7ARFwl2SVC6lm96j3ixMJZarmsUpLR0jQpCbM3hnFkktR-obHh4UQpEt7giqAe8EjmLuBh76bpHQ5y5lr-qec","","","","","","","","","","","","",""
"157","Haystack Ventures","$75","9/10/2023","2023","VIII","Bay Area","https://semilshah.com/2023/09/10/announcing-haystack-vii-same-model-fresh-funds-and-new-era/","","","","","","","","","","","","",""
"158","Valhalla Ventures","$66","7/25/2023","2023","I","LA","https://www.finsmes.com/2023/07/valhalla-ventures-launches-66m-fund-i.html","","","","","","","","","","","","",""
"159","Adverb Ventures","$75","7/11/2023","2023","I","Bay Area","https://twitter.com/Adverbvc/status/1678808066878480384?s=20","","","","","","","","","","","","",""
"160","Marketplace Capital","$10","7/6/2023","2023","I","LA","https://twitter.com/yoroomie/status/1676995622602412033?s=46","","","","","","","","","","","","",""
"161","Unshackled Ventures","$35","6/27/2023","2023","III","Bay Area","","","","","","","","","","","","","",""
"162","Kindred Ventures","$200","6/27/2023","2023","III","Bay Area","https://kindredventures.medium.com/announcing-kindred-ventures-iii-and-selector-i-2c6f2005ea64","","","","","","","","","","","","",""
"163","Uncork","$200","6/27/0203","2023","VII","Bay Area","https://medium.com/uncorkcapital/uncork-raises-400m-to-invest-in-and-support-seed-stage-startups-from-inception-through-growth-9316a6599780","","","","","","","","","","","","",""
"164","hash3","$29","6/27/2023","2023","I","NYC","https://twitter.com/Hootie_R/status/1673682379758530560","","","","","","","","","","","","",""
"165","Correlation Ventures","$130","6/27/2023","2023","III","Bay Area, NYC, San Diego","https://finance.yahoo.com/news/correlation-ventures-announces-close-third-140000898.html?guccounter=1&guce_referrer=aHR0cHM6Ly93d3cuZ29vZ2xlLmNvbS8&guce_referrer_sig=AQAAAASInVbj_WmnpwWY9yhokSGW_VUwNEBb2rbktKhc0LzXacPcdYobK1-sbDX2f7YVoESgdBOpIIHgTW2NmEE56Z86pVNbQXWxPgpK9T2zU_2s6KkhpNwc5QqU0ifN63HT-lspanTma-KqVfyg1mBNSwQMv0mTE0IhH8K6yi2Dq72H","","","","","","","","","","","","",""
"166","Joyful","$23","6/27/2023","2023","I","LA","https://www.bloomberg.com/news/articles/2023-06-27/joyful-ventures-launches-fake-meat-fund-to-invest-in-alt-protein","","","","","","","","","","","","",""
"167","Sugar Capital","$33","6/13/2023","2023","II","Bay Area","https://www.businessinsider.com/brian-lisa-sugar-capital-launch-avid-capital-advisors-2023-6","","","","","","","","","","","","",""
"168","m]x[v Capital","$52","5/18/2023","2023","I","NYC","https://www.prnewswire.com/news-releases/mxv-capital-launches-with-52m-debut-fund-301827865.html","","","","","","","","","","","","",""
"169","Seedcamp","$180","5/18/2023","2023","VI","UK, Miami","https://seedcamp.com/welcome-to-seedcamp-vi/","","","","","","","","","","","","",""
"170","Red Beard Ventures","$25","5/16/2023","2023","I","NYC, LA","https://www.coindesk.com/web3/2023/05/16/red-beard-ventures-closes-25m-funding-round-with-animoca-brands-superrare/","","","","","","","","","","","","",""
"171","Everywhere Ventures","$25","4/5/2023","2023","I","NYC","https://www.wsj.com/articles/everywhere-ventures-bucks-trend-by-investing-globally-1071ca09","","","","","","","","","","","","",""
"172","Ensemble","$100","4/4/2023","2023","I","Austin, TX","https://techcrunch.com/2023/04/04/ensemble-raises-100m-debut-fund-to-bet-on-startup-teams-but-not-in-the-way-you-think/","","","","","","","","","","","","",""
"173","Race Capital","$181","3/22/2023","2023","II","","https://medium.com/racecapital/race-capital-fund-ii-building-the-next-generation-software-infrastructure-fd3a7fb0fa4c","","","","","","","","","","","","",""
"174","Phenomenal Ventures","$6","2/13/2023","2023","I","Bay Area","https://techcrunch.com/2023/02/13/phenomenal-ventures-meena-harris-helen-min-vc-fund/","","","","","","","","","","","","",""
"175","Ansa Capital","$140","1/31/2023","2023","I","NYC","","","","","","","","","","","","","",""
"176","FJ Labs","$200","1/25/2023","2023","I","NYC","https://techcrunch.com/2023/01/25/most-active-investor-fj-labs-closes-on-260m-across-two-new-vehicles/","","","","","","","","","","","","",""
"177","Cowboy Ventures","$140","1/23/2023","2023","IV","Bay Area, NYC","https://techcrunch.com/2023/01/23/cowboy-ventures-goes-bigger-with-260m-across-two-new-funds-including-an-opportunity-fund/","","","","","","","","","","","","",""
"178","Courtside Ventures","$100","1/19/2023","2023","III","NYC","https://venturebeat.com/games/courtside-ventures-raises-100m-fund-for-sports-collectibles-wellness-and-gaming/","","","","","","","","","","","","",""
"179","Sequoia Capital Seed Fund","$195","1/18/2023","2023","V","Bay Area","https://www.sequoiacap.com/article/seed-fund-and-arc-announcement/","","","","","","","","","","","","",""
"180","Not Boring Capital","$30","1/10/2023","2023","III","NYC","","","","","","","","","","","","","",""
"181","Cake Ventures","$17","1/12/2023","2023","I","Bay Area","https://www.forbes.com/sites/alexkonrad/2023/01/12/monique-woodard-new-fund-cake-ventures/?sh=7519f52b6b47","","","","","","","","","","","","",""
"182","Tenzing Capital","$6","12/31/2022","2023","I","Wichita, KS","","","","","","","","","","","","","",""
"183","10D","$185","12/20/2022","2022","II","Tel Aviv","https://www.calcalistech.com/ctechnews/article/hygyjn1yi","","","","","","","","","","","","",""
"184","Wischoff Ventures","$20","12/16/2022","2022","II","Tennessee","https://techcrunch.com/2022/12/16/solo-gp-nichole-wischoff-raises-20m-fund-backed-by-peter-thiel-to-invest-in-unsexy-businesses/","","","","","","","","","","","","",""
"185","Jetstream","$10","12/15/2022","2022","I","Bay Area","https://twitter.com/leepnet/status/1603427675279720452","","","","","","","","","","","","",""
"186","Boulder Ventures","$58","12/7/2022","2022","VII","Colorado and DC","https://www.bizjournals.com/denver/inno/stories/news/2022/12/07/boulder-ventures-closes-fund-colorado-startup.html","","","","","","","","","","","","",""
"187","Coelius Capital","$33","12/14/2022","2022","II","Bay Area","https://www.linkedin.com/pulse/announcing-coelius-capital-2-zach-coelius","","","","","","","","","","","","",""
"188","Union Square Ventures - climate fund","$200","12/9/2022","2022","II","NYC","","","","","","","","","","","","","",""
"189","645 Ventures","$194","12/1/2022","2022","IV","NYC","","","","","","","","","","","","","",""
"190","Banana Capital","$20","11/30/2022","2022","II","","https://www.thespl.it/p/banana-fund-2","","","","","","","","","","","","",""
"191","Double Down ","$30","11/2/2022","2022","I","Miami, FL","https://techcrunch.com/2022/11/02/crypto-consumer-web3-solo-female-gp-magdalena-kala-double-down/?tpcc=tcplustwitter","","","","","","","","","","","","",""
"192","Streamlined Ventures","$140","10/27/2022","2022","V","Bay Area","","","","","","","","","","","","","",""
"193","Propeller Ventures","$100","10/20/2022","2022","I","Boston","https://www.propellervc.com/blog/introducingpropeller","","","","","","","","","","","","",""
"194","Will Ventures","$150","10/18/2022","2022","II","Boston","https://techcrunch.com/2022/10/18/will-ventures-second-fund-sports-technologies/","","","","","","","","","","","","",""
"195","Conviction","$100","10/4/2022","2022","I","","https://sarahguo.com/blog/conviction","","","","","","","","","","","","",""
"196","Dorm Room Fund","$13","9/6/2022","2022","I","Boston, NYC, SF, Philly","","","","","","","","","","","","","",""
"197","Swell VC","$10","8/31/2022","2022","II","NYC","","","","","","","","","","","","","",""
"198","Stage 2 Capital","$150","8/17/2022","2022","III","Bay Area","","","","","","","","","","","","","",""
"199","Shima Capital","$200","8/17/2022","2022","I","","https://www.coindesk.com/business/2022/08/17/bill-ackman-among-investors-as-venture-capital-crypto-firm-shima-capital-raises-200m-fund/","","","","","","","","","","","","",""
"200","Life Extension Ventures","$100","8/18/2022","2022","I","NYC, London, SF","https://techcrunch.com/2022/08/18/this-new-100m-fund-plans-to-focus-on-startups-accelerating-the-science-around-longevity/","","","","","","","","","","","","",""
"201","Tapestry","$31","8/3/2022","2022","II","SF, London, Dublin","https://www.siliconrepublic.com/start-ups/tapestry-vc-venture-capital-two-funds","","","","","","","","","","","","",""
"202","Spacecadet Ventures","$15","8/1/2022","2022","I","NYC","https://www.businessinsider.com/spacecadet-ventures-vc-pitch-deck-raise-money-seed-fund-2022-2","","","","","","","","","","","","",""
"203","Mindset Ventures","$40","8/1/2022","2022","IV","USA, Israel and Brazil","","","","","","","","","","","","","",""
"204","C2 Ventures","$21","7/30/32022","2022","I","NYC","","","","","","","","","","","","","",""
"205","ANIMO Ventures","$78","7/28/2022","2022","II","Miami","","","","","","","","","","","","","",""
"206","House Capital","$10","7/27/2022","2022","I","NYC, SF, LA","https://www.businesswire.com/news/home/20220727005080/en/Launch-House-Announces-House-Capital---Its-Venture-Arm","","","","","","","","","","","","",""
"207","Protagonist","$100","7/12/2022","2022","I","Miami","https://www.coindesk.com/business/2022/07/12/solanas-macalinao-brothers-launch-100m-vc-fund/","","","","","","","","","","","","",""
"208","Conscience","$10","7/12/2022","2022","I","Miami","https://techcrunch.com/2022/07/12/conscience-vc-raises-oversubscribed-fund-for-consumer-companies-rooted-in-science/amp/","","","","","","","","","","","","",""
"209","Race Capital","$150","7/11/2022","2022","II","Bay Area","https://www.axios.com/pro/fintech-deals/2022/06/30/race-capital-150-million-second-fund?utm_source=substack&utm_medium=email","","","","","","","","","","","","",""
"210","Lorimer Ventures","$10","7/1/2022","2022","I","NYC","","","","","","","","","","","","","",""
"211","Recripocal Ventures","$70","6/28/2022","2022","II","NYC","https://www.theblock.co/post/154743/early-stage-solana-backer-reciprocal-ventures-launches-70-million-fund","","","","","","","","","","","","",""
"212","True Wealth Ventures","$35","6/27/2022","2022","II","Austin","https://techcrunch.com/2022/06/27/austin-true-wealth-ventures-raises-second-fund-female-women-startups-founders-entrepreneurs/?guccounter=1&guce_referrer=aHR0cHM6Ly93d3cubGlua2VkaW4uY29tLw&guce_referrer_sig=AQAAALFo8IWrxnyhlKiEVVpgizAmIeGfX8AiQY-LwNT64pOjLj-P1Cak0D7hsUohznnQ1kWdBor6OFHdBmypRHwQZzCg4wvSIDbkqKofw7X29tVLKbcedXIMpK5xx2lKaPWvBbyZOcaiIHS9aYGqbKi_aMYu8spQqgP2sbsyJt4IXYYc","","","","","","","","","","","","",""
"213","Shine Capital","$200","6/2/2022","2022","II","NYC","","","","","","","","","","","","","",""
"214","Exceptional Capital","$30","6/2/2022","2022","I","Miami","https://www.forbes.com/sites/rebeccaszkutak/2022/02/15/solo-black-gp-marell-evans-launches-exceptional-capital-to-focus-on-b2b-software/?sh=4041ab2a58e4","","","","","","","","","","","","",""
"215","Canonical Ventures","$20","6/2/2022","2022","I","Bay Area","https://techcrunch.com/2022/06/02/microsoft-web3-solo-gp-venture-fund-backs-crypto-developer-tools-infrastructure/","","","","","","","","","","","","",""
"216","Hannah Grey","$52","5/31/2022","2022","I","NYC and Denver","https://techcrunch.com/2022/05/31/hannah-grey-debut-fund/","","","","","","","","","","","","",""
"217","Great North Ventures","$40","5/23/2022","2022","II","Minneapolis","https://greatnorthventures.com/great-north-ventures-raises-40-million-fund-ii/","","","","","","","","","","","","",""
"218","GreenPoint Partners","$134","5/19/2022","2022","I","NYC","https://www.prnewswire.com/news-releases/greenpoint-announces-global-platform-investing-at-the-intersection-of-real-assets-technology-and-sustainability-301550252.html?tc=eml_cleartime","","","","","","","","","","","","",""
"219","Tusk Ventures","$140","5/17/2022","2022","III","NYC","","","","","","","","","","","","","",""
"220","6th Man Ventures","$145","5/12/2022","2022","II","NYC","https://www.coindesk.com/business/2022/05/12/6th-man-ventures-raises-145m-for-crypto-fund-report/","","","","","","","","","","","","",""
"221","Chingona Ventures","$53","5/6/2022","2022","II","Chicago","https://techcrunch.com/2022/05/06/chingona-ventures-lands-52m-to-fund-overlooked-founders-in-massive-markets/","","","","","","","","","","","","",""
"222","Valia Ventures","$50","5/5/2022","2022","II","NYC","https://techcrunch.com/2022/05/05/meet-valia-an-early-stage-vc-firm-backed-by-tiger-that-wants-to-back-founders-who-are-breaking-the-mold/","","","","","","","","","","","","",""
"223","Bull City Venture Partners","$50","5/4/2022","2022","IV","Durahm, North Carolina","https://techcrunch.com/2022/05/04/bull-city-venture-partners-is-the-opposite-of-flashy-and-its-backers-approve/","","","","","","","","","","","","",""
"224","Hetz Ventures","$123","5/3/2022","2022","III","Israel","https://techcrunch.com/2022/05/03/hetz-ventures-closes-third-fund-of-123m-to-focus-on-devops-tools-open-source-fintech-and-cyber/","","","","","","","","","","","","",""
"225","January Ventures","$21","4/29/2022","2022","II","Boston and London","https://techcrunch.com/2022/04/28/january-ventures-fund-3-early-stage/","","","","","","","","","","","","",""
"226","Divergent Capital","$30","4/1/2022","2022","I","NYC","","","","","","","","","","","","","",""
"227","Expa","$200","4/1/2022","2022","III","SF, NYC","https://www.expa.com/news/200m","","","","","","","","","","","","",""
"228","Freesytle","$130","3/31/2022","2022","VI","Bay Area","","","","","","","","","","","","","",""
"229","SteelSky Ventures","$72","3/23/2022","2022","I","Atlanta","https://femtechinsider.com/steelsky-ventures-fund-i/","","","","","","","","","","","","",""
"230","Serena Ventures","$111","3/1/2022","2022","I","S. Florida","","","","","","","","","","","","","",""
"231","186 Ventures","$37","2/28/2022","2022","I","Boston","https://www.bizjournals.com/boston/news/2022/02/28/heres-how-two-draftkings-alumni-came-to-launch-18.html","","","","","","","","","","","","",""
"232","SRB Ventures","$10","2/25/2022","2022","I","NYC","","","","","","","","","","","","","",""
"233","Better Tomorrow Ventures","$150","2/16/2022","2022","II","Bay Area","https://techcrunch.com/2022/02/15/better-tomorrow-ventures-closes-on-225m-fintech-focused-fund-which-is-triple-the-size-of-its-last-fund/?guccounter=1&guce_referrer=aHR0cHM6Ly90LmNvLw&guce_referrer_sig=AQAAAC2Eo_zTEvHK9ao-bglbuJAdvI8KQjaDpt7zN8wvCGrWDivyMVn2wBpMNxryMSmmdWJm6EB5iW0cHfc0Hdr4hcTwy_XMCUk275ImDk3YiuKsfa3aiwvhV4dLWqokp6rpANrMVzkMPreTYfQiDMvqbJNeCv69WQcwmU5Mg2vFNdh7","","","","","","","","","","","","",""
"234","Burnt Island Ventrues","$30","2/11/2022","2022","I","NYC","https://www.forbes.com/sites/rebeccaszkutak/2022/02/17/burnt-island-ventures-raises-30-million-for-early-stage-water-startups/?sh=1710b56044f5","","","","","","","","","","","","",""
"235","NOEMIS Ventures","$24","2/4/2022","2022","I","NYC","","","","","","","","","","","","","",""
"236","Collider Ventures","$100","1/28/2022","2022","II","Israel","","","","","","","","","","","","","",""
"237","2048 Ventures","$67","1/18/2022","2022","II","NYC","","","","","","","","","","","","","",""
"238","Wonder Ventures","$31","1/13/2022","2022","III","LA","","","","","","","","","","","","","",""
"239","TMV","$64","1/11/2022","2022","II","NYC","","","","","","","","","","","","","",""
"240","Not Boring Capital","$30","1/10/2022","2022","II","NYC","","","","","","","","","","","","","",""
"241","USV Climate Fund","$162","1/8/2021","2021","I","NYC","https://www.usv.com/writing/2021/01/usv-climate-fund/","","","","","","","","","","","","",""
"242","1982 Ventures","$13","12/25/2021","2021","I","Singapore","https://aithority.com/technology/financial-services/singapore-1982-ventures-raises-us12-5million-in-the-first-close-of-seed-fund/","","","","","","","","","","","","",""
"243","Array Ventures","$56","12/21/2021","2021","III","Bay Area","https://techcrunch.com/2021/12/21/array-ventures-raises-56m-to-back-tech-heavy-enterprise-software/","","","","","","","","","","","","",""
"244","Crossbeam Venture Partners","$70","12/20/2021","2021","II","NYC","","","","","","","","","","","","","",""
"245","Chapter One","$50","12/15/2021","2021","II","","https://mirror.xyz/chapterone.eth/vRrTabwSY_0z5GqPF5piVGIdUuHIPtv41v5VIZKl848","","","","","","","","","","","","",""
"246","Torch Capital","$116","12/1/2021","2021","II","NYC","","","","","","","","","","","","","",""
"247","Script Capital","$38","12/13/2021","2021","II","","","","","","","","","","","","","","",""
"248","UpWest","$70","11/4/2021","2021","IV","Israel, Bay Area","https://techcrunch.com/2021/11/04/upwest-raises-70-million-for-fund-iv-investing-in-israeli-founders-looking-to-tackle-u-s-market/","","","","","","","","","","","","",""
"249","Fifty Years","$90","10/28/2021","2021","III","Bay Area","","","","","","","","","","","","","",""
"250","Sino Global Capital, Liquid Value Fund","$200","10/25/2021","2021","I","China","","","","","","","","","","","","","",""
"251","Variant","$110","10/19/2021","2021","II","NYC","https://variant.fund/writing/fund-ii-announcement","","","","","","","","","","","","",""
"252","8-Bit Capital","$40","10/19/2021","2021","I","Bay Area","https://techcrunch.com/2021/10/04/8-bit-capital-co-led-by-jonathan-abrams-has-closed-its-first-fund-with-40-million/","","","","","","","","","","","","",""
"253","Patron","$90","10/19/2021","2021","I","LA","https://patron.xyz/","","","","","","","","","","","","",""
"254","Riot Ventures","$90","9/27/2021","2021","II","LA","https://www.riot.vc/","","","","","","","","","","","","",""
"255","500 Global","$140","9/17/2021","2021","","Global","","","","","","","","","","","","","",""
"256","Gateway Capital","$14","8/9/2021","2021","I","Milwaukee, WI","https://www.bizjournals.com/milwaukee/inno/stories/news/2021/08/09/gateway-capital-fund-close-13-5-m.html","","","","","","","","","","","","",""
"257","Techstars","$150","8/6/2021","2021","","Multiple cities","https://www.techstars.com/newsroom/techstars-closes-oversubscribed-usd150m-fund-to-support-accelerators-high?_hsenc=p2ANqtz-_3xacgGF8-QmlN-z3lXaFIJDXmgepAFn3wrgOpmOUije4150ZQrPEGaBvPgalqvulPHjSsxn-KF6Ae6RFNMAtrZsJGR6LTTMTM6fedIIpkogHsNAU&_hsmi=146337128&utm_campaign=Techstars%20TSA%202021%20Announcement%20to%20investors&utm_content=146333637&utm_medium=email&utm_source=hs_email","","","","","","","","","","","","",""
"258","Stage 2 Capital","$80","8/6/2021","2021","II","Multiple cities","","","","","","","","","","","","","",""
"259","Work-Bench","$100","8/4/2021","2021","III","NYC","","","","","","","","","","","","","",""
"260","True Beauty","$42","7/30/2021","2021","I","NYC","https://www.prnewswire.com/news-releases/true-beauty-ventures-raises-debut-fund-in-excess-of-42-million-backed-by-beauty-founders-and-executives-to-grow-emerging-beauty-and-wellness-brands-301344829.html?tc=eml_cleartime","","","","","","","","","","","","",""
"261","Aperature","$75","7/27/2021","2021","I","NYC, LA, Philly","https://www.prnewswire.com/news-releases/aperture-venture-capital-closes-first-round-of-75m-corporate-diversity-fund-301337448.html","","","","","","","","","","","","",""
"262","Ocean Azul","$40","7/23/2021","2021","II","Miami","https://www.refreshmiami.com/ocean-azul-closes-fund-2-at-over-40-million-with-a-south-florida-commitment/","","","","","","","","","","","","",""
"263","Moxxie Ventures","$85","7/19/2021","2021","II","","https://moxxie.substack.com/p/moxxie2","","","","","","","","","","","","",""
"264","Vine Ventures","$50","7/13/2021","2021","I","NYC","https://ericreinervine.medium.com/vine-ventures-i-lp-2f52279eca57","","","","","","","","","","","","",""
"265","Female Founders Fund","$57","7/13/2021","2021","I","NYC","","","","","","","","","","","","","",""
"266","Zeal Capital Partners","$62","7/12/2021","2021","I","Washington D.C.","","","","","","","","","","","","","",""
"267","Not Boring Capital","$8","7/12/2021","2021","I","NYC","https://www.notboring.co/p/introducing-not-boring-capital","","","","","","","","","","","","",""
"268","H Ventures Partners","$10","7/8/2021","2021","I","Cincinnati, Oho","https://techcrunch.com/2021/07/08/h-venture-partners-closes-10m-debut-fund-targeting-science-based-brands/","","","","","","","","","","","","",""
"269","Stellation Capital","$40","","2021","I","NYC","https://techcrunch.com/2021/07/08/peter-boyce-stellation-capital/","","","","","","","","","","","","",""
"270","Renegade Partners","$100","7/7/2021","2021","I","Bay Area","","","","","","","","","","","","","",""
"271","Acrylic","$55","7/7/2021","2021","I","NYC","https://medium.com/@acrylic_/announcing-acrylic-c17878bc897","","","","","","","","","","","","",""
"272","ATX Ventures","$150","7/5/2021","2021","III","Austin, Texas","https://www.bizjournals.com/austin/news/2021/06/30/atx-venture-partners-150m-fund.html","","","","","","","","","","","","",""
"273","MAGIC Fund","$30","7/6/2021","2021","II","Bay Area, Miami","https://techcrunch.com/2021/07/06/magic-fund-raises-30m-to-scale-its-global-founders-backing-founders-fund/?guccounter=1","","","","","","","","","","","","",""
"274","Comeback Capital","$12","7/1/2021","2021","II","Ohio","","","","","","","","","","","","","",""
"275","Infity Ventures","$158","6/30/2021","2021","I","Bay Area, NYC","https://www.businesswire.com/news/home/20220516005165/en/Infinity-Ventures-Launches-Inaugural-158-Million-Fund-Dedicated-to-Global-Fintech-Investing","","","","","","","","","","","","",""
"276","Rackhouse VC","$15","6/30/2021","2021","I","Bay Area","https://techcrunch.com/2021/06/30/ubers-first-head-of-data-science-just-launched-a-new-venture-fund-to-back-nascent-ai-startups/","","","","","","","","","","","","",""
"277","Dynamo Ventures","$43","6/24/2021","2021","II","Chattanooga, Tennessee","","","","","","","","","","","","","",""
"278","Ubiquity Ventures","$50","6/23/2021","2021","II","Bay Area","","","","","","","","","","","","","",""
"279","Golden Ventures","$100","6/23/2021","2021","IV","Toronto, Canada","","","","","","","","","","","","","",""
"280","MetaProp","$100","6/22/2021","2021","III","NYC","","","","","","","","","","","","","",""
"281","Commerce Ventures","$150","6/18/2021","2021","IV","Bay Area","","","","","","","","","","","","","",""
"282","20VC","$33","6/16/2021","2021","II","London, UK","","","","","","","","","","","","","",""
"283","Seven Seven Six","$150","6/10/2021","2021","I","Miami, Florida","","","","","","","","","","","","","",""
"284","Version One","$70","6/8/2021","2021","IV","Bay Area, Canada","https://techcrunch.com/2021/06/08/version-one-launches-70m-fund-iv-and-30m-opportunities-fund-ii/","","","","","","","","","","","","",""
"285","Brooklyn Bridge Ventures","$15","6/8/2021","2021","I","NYC","https://www.brooklynbridge.vc/bbv-raises-third-fund/","","","","","","","","","","","","",""
"286","Firstminute Capital","$160","6/4/2021","2021","II","London, UK","","","","","","","","","","","","","",""
"287","Refactor Capital","$50","6/3/2021","2021","III","Bay Area","","","","","","","","","","","","","",""
"288","Propel Venture Partners","$50","6/1/2021","2021","III","Bay Area","","","","","","","","","","","","","",""
"289","Collab Capital","$50","5/26/2021","2021","I","Atlanta","https://medium.com/capital-innovation/collab-capital-closes-50m-first-fund-to-invest-in-black-innovators-22896db11ae8","","","","","","","","","","","","",""
"290","Overlooked Ventures","$50","5/19/2021","2021","I","Columbus, Ohio","","","","","","","","","","","","","",""
"291","Ulu Ventures","$138","5/18/2021","2021","III","Bay Area","","","","","","","","","","","","","",""
"292","Framework Ventures","$100","5/14/2021","2021","I","Bay Area","https://www.wsj.com/articles/crypto-venture-firm-framework-draws-institutional-support-11620990002?st=bzp0tw29d4ijwwh&reflink=article_copyURL_share","","","","","","","","","","","","",""
"293","LDV Capital","$21","5/4/2021","2021","III","NYC","","","","","","","","","","","","","",""
"294","Multicoin Capital","$100","5/4/2021","2021","II","Austin, TX","","","","","","","","","","","","","",""
"295","Banana Capital","$10","4/27/2021","2021","I","Ann Arbor, MI","","","","","","","","","","","","","",""
"296","Basis Set Ventures","$165","4/22/2021","2021","II","Bay Area","","","","","","","","","","","","","",""
"297","BrandProject","$43","4/16/2021","2021","I","NYC","","","","","","","","","","","","","",""
"298","Footwork","$175","4/15/2021","2021","I","Bay Area","https://nbt.substack.com/p/footwork","","","","","","","","","","","","",""
"299","Harlem Capital","$134","3/31/2021","2021","II","NYC","","","","","","","","","","","","","",""
"300","Starting Line","$30","4/12/2021","2021","II","Chicago","","","","","","","","","","","","","",""
"301","MaC Venture Capital","$110","3/25/2021","2021","I","Los Angeles","https://macventurecapital.com/mac-venture-capital-raises-a-110m-inaugural-fund-to-invest-in-founders-building-the-future-we-want-to-see/","","","","","","","","","","","","",""
"302","BBG Ventures","$50","3/24/2021","2021","III","NYC","https://www.forbes.com/sites/elizahaverstock/2021/03/24/bbg-ventures-closes-50-million-early-stage-fund-for-female-founders/?sh=30c974b67826","","","","","","","","","","","","",""
"303","Bowery Capital","$70","3/22/2021","2021","III","NYC, Bay Area","https://www.forbes.com/sites/rebeccaszkutak/2021/03/22/bowery-capital-sets-its-sights-on-san-francisco-with-a-fresh-70-million-fund-and-a-new-partner/?sh=5c51c617cdce","","","","","","","","","","","","",""
"304","Village Global","$125","3/15/2021","2021","II","Bay Area","","","","","","","","","","","","","",""
"305","Future Value Fund","$10","3/11/2021","2021","1","Columbus, Ohio","https://www.rev1ventures.com/blog/rev1-ventures-launches-10mm-pre-seed-fund-with-osu-ohio-third-frontier/?utm_campaign=coschedule&utm_source=twitter&utm_medium=Rev1Ventures&utm_content=Rev1%20Ventures%20Launches%20$10MM%20Pre-Seed%20Fund%20with%20OSU%20and%20Ohio%20Third%20Frontier%20-%20Rev1%20Ventures","","","","","","","","","","","","",""
"306","Savannah Fund","$35","3/10/2021","2021","II","Kenya, South Africa, Tanzania","","","","","","","","","","","","","",""
"307","Pioneer Square Labs","$100","3/4/2021","2021","II","Seattle, Washington","","","","","","","","","","","","","",""
"308","GSR Ventures","$180","3/4/2021","2021","I","Bay Area","","","","","","","","","","","","","",""
"309","Founders' Co-Op","$50","3/1/2021","2021","V","Seattle, Washington","","","","","","","","","","","","","",""
"310","Silicon Road Ventures","$31","3/1/2021","2021","I","Atlanta","","","","","","","","","","","","","",""
"311","Sequoia Capital Seed Fund","$195","2/26/2021","2021","IV","Bay Area","","","","","","","","","","","","","",""
"312","Primary Venture Partners","$150","2/24/2021","2021","III","NYC","https://medium.com/thoughts-from-primary-venture-partners/longnyc-primary-announces-a-fresh-200mm-commitment-to-nyc-founders-e85d90a45ccf","","","","","","","","","","","","",""
"313","Hustle Fund","$34","2/22/2021","2021","II","Bay Area","","","","","","","","","","","","","",""
"314","Avid Ventures","$72","2/19/2021","2021","I","NYC","","","","","","","","","","","","","",""
"315","Atelier Ventures","$13","2/16/2021","2021","I","USA","","","","","","","","","","","","","",""
"316","Eniac Ventures","$125","2/9/2021","2021","V","NYC","","","","","","","","","","","","","",""
"317","Construct Capital","$140","2/8/2021","2021","I","Washington D.C.","","","","","","","","","","","","","",""
"318","Frontline Ventures","$84","2/5/2021","2021","I","Dublin, Ireland and London","","","","","","","","","","","","","",""
"319","Halogen Ventures","$21","2/3/2021","2021","II","Los Angeles","https://dot.la/halogen-ventures-2650282655.html","","","","","","","","","","","","",""
"320","Scribble Ventures","$43","2/4/2021","2021","I","Bay Area","https://www.forbes.com/sites/alexkonrad/2021/02/04/twitter-alum-elizabeth-weils-vc-firm-debuts-with-42-million-to-bring-back-old-venture-collaboration/?sh=28c7d14c2a96","","","","","","","","","","","","",""
"321","Softbank Miami Fund","$100","1/25/2021","2021","I","Miami, Florida","","","","","","","","","","","","","",""
"322","Kindred Ventures","$100","2/1/2021","2021","II","Bay Area","","","","","","","","","","","","","",""
"323","NextView","$100","1/27/2021","2021","IV","Boston, NYC","","","","","","","","","","","","","",""
"324","ISAI","$175","1/24/2021","2021","II","France","https://techcrunch.com/2018/07/04/isai-closes-new-175-million-fund/","","","","","","","","","","","","",""
"325","Ludlow Ventures","$60","1/22/2021","2021","IV","Detroit, Michigan","","","","","","","","","","","","","",""
"326","Define Ventures","$87","1/13/2021","2021","I","Bay Area","","","","","","","","","","","","","",""
"327","Haystack Ventures","$50","2/2/2020","2020","V","Bay Area","https://twitter.com/semil/status/1224026347602755584","","","","","","","","","","","","",""
"328","Overton Venture Capital","$9","12/31/2020","2020","I","NYC","","","","","","","","","","","","","",""
"329","XYZ Venture Capital","$80","12/15/2020","2020","II","Bay Area","https://news.crunchbase.com/news/xyz-venture-capital-unveils-80m-second-fund/","","","","","","","","","","","","",""
"330","Ada Ventures","$50","12/8/2020","2020","I","UK","","","","","","","","","","","","","",""
"331","Bling Capital","$113","12/3/2020","2020","II","San Francisco","","","","","","","","","","","","","",""
"332","Union Labs","$29","11/30/2020","2020","I","Bay Area","https://techcrunch.com/2020/11/30/union-labs-believes-uniting-vc-and-corporate-expertise-can-help-startups-solve-hard-tech-problems/","","","","","","","","","","","","",""
"333","Seedcamp","$103","10/11/2020","2020","V","UK","","","","","","","","","","","","","",""
"334","Oceans Ventures","$11","11/3/2020","2020","I","NYC","","","","","","","","","","","","","",""
"335","645 Ventures","$160","10/28/2020","2020","III","NYC","","","","","","","","","","","","","",""
"336","Impact America Fund","$55","","2020","II","","","","","","","","","","","","","","",""
"337","Bullpen Capital","$130","10/1/2020","2020","V","Bay Area","","","","","","","","","","","","","",""
"338","Conductive Ventures","$150","9/14/2020","2020","II","Bay Area","","","","","","","","","","","","","",""
"339","Point Nine Capital","$117","9/22/2020","2020","V","Germany","","","","","","","","","","","","","",""
"340","Mantis","$35","9/15/2020","2020","I","","https://techcrunch.com/2020/09/15/the-chainsmokers-just-closed-their-debut-venture-fund-mantis-with-35-million/?tpcc=ECTW2020","","","","","","","","","","","","",""
"341","Xfund","$120","9/4/2020","2020","III","Bosto, Bay Area","https://www.seas.harvard.edu/news/2020/09/xfund-celebrates-launch-new-fund","","","","","","","","","","","","",""
"342","La Famiglia","$59","8/12/2020","2020","II","Berlin, Germany","https://techcrunch.com/2020/08/11/la-famiglia/","","","","","","","","","","","","",""
"343","Better Tomorrow Ventures","$75","8/12/2020","2020","I","Bay Area","https://twitter.com/pitdesi/status/1293926698681954305","","","","","","","","","","","","",""
"344","Electric Capital","$110","8/3/2020","2020","II","Bay Area","crypto focused","","","","","","","","","","","","",""
"345","Notation Capital","$42","7/30/2020","2020","III","NYC","https://medium.com/notation-capital/notation-iii-notation-moonlight-e31f5332c8d8","","","","","","","","","","","","",""
"346","20VC Fund","$8","7/17/2020","2020","I","UK","","","","","","","","","","","","","",""
"347","Coelius Capital","$45","7/15/2020","2020","I","Bay Area","https://www.wsj.com/articles/coelius-capital-founder-is-latest-angellist-investor-to-graduate-to-vc-fund-11594805402","","","","","","","","","","","","",""
"348","Concrete Rose Capital","$15","7/10/2020","2020","I","Bay Area","https://www.bloomberg.com/news/articles/2020-07-07/investing-in-vc-funds-for-diverse-founders-is-getting-competitive?sref=iFePAYMn","","","","","","","","","","","","",""
"349","Rethink Impact","$182","7/9/2020","2020","II","NYC, DC, Bay Area","https://www.nytimes.com/2020/07/09/business/dealbook/venture-capital-women.html","","","","","","","","","","","","",""
"350","Engineering Capital","$60","7/8/2020","2020","III","Bay Area","https://techcrunch.com/2020/07/08/this-vc-just-closed-on-60-million-to-fund-technical-risk-saying-other-vcs-rarely-do-the-same/","","","","","","","","","","","","",""
"351","Victress Capital","$22","7/7/2020","2020","II","Boston, MA","https://medium.com/@VictressCapital/announcing-victress-capital-fund-ii-a-women-led-vc-fund-focused-on-investing-in-early-stage-c448bc643193","","","","","","","","","","","","",""
"352","Tech Square Ventures","$25","7/3/2020","2020","II","Atlanta, GA","https://www.bizjournals.com/atlanta/news/2020/07/03/tech-square-ventures-second-investment-fund.html","","","","","","","","","","","","",""
"353","Lightship Capital","$22","6/26/2020","2020","I","Cincinnati, Ohio","https://www.wsj.com/articles/lightship-capital-launches-fund-for-underrepresented-founders-in-the-midwest-11593165601","","","","","","","","","","","","",""
"354","Hoxton Ventures","$99","6/18/2020","2020","II","London, UK","","","","","","","","","","","","","",""
"355","Fly Ventures","$59","6/18/2020","2020","II","Berlin, Germany","https://techcrunch.com/2020/06/17/fly-ventures-ii/","","","","","","","","","","","","",""
"356","Pale Blue Dot","$63","6/16/2020","2020","I","Sweden","https://techcrunch.com/2020/06/16/pale-blue-dot/","","","","","","","","","","","","",""
"357","Founder Collective","$75","5/21/2020","2020","IV","Boston, NYC","previous fund was $75M, so assumption is that it is a similar size https://medium.com/@foundercollective/announcing-founder-collective-iv-77f31095482d","","","","","","","","","","","","",""
"358","Kickstart","$110","5/1/2020","2020","V","Utah","https://techcrunch.com/2020/04/29/utah-based-seed-fund-kickstart-closes-fifth-fund-worth-110m/","","","","","","","","","","","","",""
"359","TheFund","$9","5/1/2020","2020","II","NYC, LA, London","https://techcrunch.com/2020/04/30/the-fund-la-london/","","","","","","","","","","","","",""
"360","BoostVC","$40","4/21/2020","2020","IV","Bay Area","https://techcrunch.com/2020/04/21/boostvc-closes-40m-fund-as-revamped-sci-fi-accelerator-preps-for-digital-demo-day/","","","","","","","","","","","","",""
"361","Corigin Ventures","$36","4/14/2020","2020","I","NYC","https://techcrunch.com/2020/04/14/corigin-ventures-raises-36m-debut-fund-to-invest-in-startups-that-help-with-99-of-daily-life/","","","","","","","","","","","","",""
"362","Zetta Ventures","$180","4/14/2020","2020","III","Bay Area","https://www-bloomberg-com.cdn.ampproject.org/c/s/www.bloomberg.com/amp/news/articles/2020-04-14/zetta-venture-partners-clears-pandemic-hurdles-for-biggest-fund","","","","","","","","","","","","",""
"363","TheVentureCity","$75","4/1/2020","2020","II","Miami, Madrid","","","","","","","","","","","","","",""
"364","Coeffecient Capital","$170","4/2/2020","2020","I","NYC","https://www.bevnet.com/news/2020/new-fund-coefficient-capital-to-back-omnichannel-businesses","","","","","","","","","","","","",""
"365","Shrug Capital","$15","3/11/2020","2020","II","Bay Area","https://twitter.com/ShrugCap/status/1237441346148786176","","","","","","","","","","","","",""
"366","Equal Ventures","$56","2/11/2020","2020","I","NYC","https://techcrunch.com/2020/02/11/equal-ventures-raises-debut-56m-fund-to-double-down-on-thesis-driven-seed/","","","","","","","","","","","","",""
"367","TLV Ventures","$150","2/9/2020","2020","III","Israel","https://nocamels.com/2020/02/venture-capital-firm-israel-tlv-partners-fund/","","","","","","","","","","","","",""
"368","Royal Street Ventures","$20","1/1/2020","2020","III","Kansas City, Missouri","","","","","","","","","","","","","",""
"369","Union Square Ventures","$190","1/2/2019","2019","V","NYC ","https://techcrunch.com/2019/01/02/union-square-ventures-secures-429m-across-two-new-funds/","","","","","","","","","","","","",""
"370","Plexo Capital","$43","12/5/2019","2019","I","Bay Area","https://techcrunch.com/2019/12/05/gv-spinout-plexo-capital-closes-42-5-million-fund/","","","","","","","","","","","","",""
"371","Tusk Ventures","$70","12/18/2019","2019","II","NYC","","","","","","","","","","","","","",""
"372","Moxxie Ventures","$25","12/18/2019","2019","I","SF","https://medium.com/@KatieS/introducing-moxxie-ventures-8e4a73bb6477","","","","","","","","","","","","",""
"373","Aleph","$200","12/17/2019","2019","III","Israel","","","","","","","","","","","","","",""
"374","Harlem Capital","$40","12/2/2019","2019","I","NYC","https://medium.com/@harlemcapitalpartners/harlem-capital-closes-40mm-inaugural-fund-6cb754600330","","","","","","","","","","","","",""
"375","House Fund","$44","11/18/2019","2019","II","Bay Area","https://techcrunch.com/2019/11/18/the-house-fund-closes-its-second-fund-with-44-million-to-pour-into-uc-berkeley-grads-alums-and-faculty/","","","","","","","","","","","","",""
"376","Kindred Ventures","$56","11/18/2019","2019","I","Bay Area","https://twitter.com/km/status/1196505067899064321","","","","","","","","","","","","",""
"377","Motivate Ventures","$43","11/15/2019","2019","I","Chicago","https://motivate.vc/","","","","","","","","","","","","",""
"378","BoldStart Ventures","$112","11/14/2019","2019","IV","NYC","https://pitchbook.com/newsletter/boldstart-ventures-snags-157m-across-two-funds","","","","","","","","","","","","",""
"379","BoldStart Ventures Opportunity Fund","$45","11/14/2019","2019","I","NYC","","","","","","","","","","","","","",""
"380","ScaleX Ventures","$20","11/6/2019","2019","I","Turkey","","","","","","","","","","","","","",""
"381","Chingona Ventures","$6","10/15/2019","2019","I","Chicago","","","","","","","","","","","","","",""
"382","Refactor Capital","$30","10/21/2019","2019","II","Bay Area","","","","","","","","","","","","","",""
"383","Rise of the Rest","$150","10/28/2019","2019","II","Washington DC","https://www.forbes.com/sites/alexkonrad/2019/10/28/steve-case-launches-second-rise-of-rest-fund-at-under-30-summit/#5fc397fd6632","","","","","","","","","","","","",""
"384","Base10 Partners","$180","10/21/2019","2019","II","Bay Area","https://www.pehub.com/vc-journal/emerging-manager-base10-quickly-raises-sophomore-fund/","","","","","","","","","","","","",""
"385","Bloomberg Beta","$75","10/1/2019","2019","III","NYC, Bay Area","","","","","","","","","","","","","",""
"386","Indicator Ventures","$25","9/30/2019","2019","II","NYC, Boston","","","","","","","","","","","","","",""
"387","Remagine Ventures","$35","9/17/2019","2019","I","UK","https://techcrunch.com/2019/09/17/remagine-secures-35m-fund-backed-by-media-giants-to-focus-on-entertainment-and-media-tech/","","","","","","","","","","","","",""
"388","F2 Venture Capital","$75","9/1/2019","2019","II","Israel","","","","","","","","","","","","","",""
"389","Cleo Capital","$4","8/19/2019","2019","I","Bay Area","https://www.marieclaire.com/career-advice/a28713005/sarah-kunst-cleo-capital-fund/","","","","","","","","","","","","",""
"390","Uncork Capital","$200","8/19/2019","2019","VI","Bay Area","https://techcrunch.com/2019/08/19/uncork-uncorks-two-new-funds/","","","","","","","","","","","","",""
"391","YL Ventures","$120","7/10/2019","2019","IV","Israel","","","","","","","","","","","","","",""
"392","Haystack Ventures","$50","7/5/2019","2019","V","Bay Area","https://news.crunchbase.com/news/sec-filing-haystack-ventures-closed-50-million-for-oversubscribed-fifth-flagship-fund/","","","","","","","","","","","","",""
"393","Fifty Years","$50","7/1/2019","2019","II","Bay Area","https://www.wsj.com/articles/fifty-years-raises-second-fund-focused-on-biotech-startups-11562007704?emailToken=72d9e0eda1281af90f956c5a3070266bVAI1USypz/h7ZsnPwJlJqtaB3urT83%2B9NlhAIcLzde8SQNDkCmUnbBqPd7a%2BVUvPxQYLilJ4Lm8hTz4qKbN%2B2haASh7mCcoowBqynXI640i23DEI5JVAh//JTB4jr2XA","","","","","","","","","","","","",""
"394","Susa Ventures","$90","7/1/2019","2019","III","Bay Area","https://techcrunch.com/2019/07/01/susa-ventures-a-young-vc-firm-with-some-high-flying-bets-just-closed-on-140-million-in-new-capital/","","","","","","","","","","","","",""
"395","XFactor Ventures","$9","5/31/2019","2019","II","NYC","","","","","","","","","","","","","",""
"396","Maveron","$194","5/29/2019","2019","VII","Seattle, Bay Area","","","","","","","","","","","","","",""
"397","Ludlow Ventures","$45","3/21/2019","2019","III","Detroit, Michigan","","","","","","","","","","","","","",""
"398","Plexo Capital","$35","3/12/2019","2019","I","Bay Area","","","","","","","","","","","","","",""
"399","Precursor Ventures","$31","2/28/2019","2019","II","Bay Area","","","","","","","","","","","","","",""
"400","ATX Seed Ventrues","$32","2/28/2019","2019","II","Austin, Texas","","","","","","","","","","","","","",""
"401","Human Ventures","$50","2/28/2019","2019","I","NYC","","","","","","","","","","","","","",""
"402","Sorenson Capital Ventues","$110","2/28/2019","2019","I","Utah","","","","","","","","","","","","","",""
"403","Blossom Capial","$85","2/26/2019","2019","I","London, UK","","","","","","","","","","","","","",""
"404","Boulder Food Group","$103","2/27/2019","2019","II","Boulder, Colorado","","","","","","","","","","","","","",""
"405","iNovia Capital","$200","2/19/2019","2019","V","Montreal, Toronto, Bay Area, London","https://blog.inovia.vc/crafting-our-own-venture-model-as-a-full-stack-venture-firm-82325888a496","","","","","","","","","","","","",""
"406","Partech Africa Fund","$143","1/31/2019","2019","I","Paris, Bay Area, Berlin, Nairobi","","","","","","","","","","","","","",""
"407","Active Capital","$22","2/1/2019","2019","I","San Antonio, Texas","https://therivardreport.com/local-vc-firm-active-capital-announces-debut-fund-of-20-million/","","","","","","","","","","","","",""
"408","Ubiquity Ventures","$30","1/23/2019","2019","I","Bay Are","","","","","","","","","","","","","",""
"409","BlueRun Ventures ","$130","1/17/2019","2019","VI","Bay Area","","","","","","","","","","","","","",""
"410","BlueYard Capital","$127","1/15/2019","2019","II","Berlin, Germany","","","","","","","","","","","","","",""
"411","Resolute Ventures","$75","1/16/2019","2019","IV","Boston, Bay Area","","","","","","","","","","","","","",""
"412","Providence Ventures","$150","1/9/2019","2019","II","Seattle, Bay Area","","","","","","","","","","","","","",""
"413","Motley Fool Ventures","$146","1/9/2019","2019","I","Virginia, USA","http://www.finsmes.com/2019/01/motley-fool-closes-first-venture-capital-fund-at-145-73m.html","","","","","","","","","","","","",""
"414","Aspect Ventures","$181","1/23/2018","2018","II","Bay Area","","","","","","","","","","","","","",""
"415","Heron Rock Fund","$25","12/3/2018","2018","II","Ontario, Canada","","","","","","","","","","","","","",""
"416","Zigg Capital","$108","12/20/2018","2018","I","NYC","","","","","","","","","","","","","",""
"417","Work-Bench","$47","12/13/2018","2018","II","NYC","https://techcrunch.com/2018/12/13/nycs-work-bench-announces-47m-enterprise-investment-fund/","","","","","","","","","","","","",""
"418","212","$34","12/13/2018","2018","II","Turkey","","","","","","","","","","","","","",""
"419","One Way Ventures","$28","11/18/2018","2018","I","Boston","https://www.wsj.com/articles/new-funds-aim-to-help-immigrant-founders-1510948911","","","","","","","","","","","","",""
"420","500 Startups Vietname","$14","11/18/2018","2018","I","Vietnam","","","","","","","","","","","","","",""
"421","Wonder Ventures","$15","11/15/2018","2018","II","LA","https://medium.com/@duro/announcing-wonder-ventures-fund-ii-15m-pre-seed-fund-focused-on-la-3ace050e8ea2","","","","","","","","","","","","",""
"422","Comeback Capital ","$2","10/17/2018","2018","I","Ohio","https://businessjournaldaily.com/fund-connects-regional-startups-with-national-investment/","","","","","","","","","","","","",""
"423","Version One Ventures","$45","10/17/2018","2018","III","Vancover, Canada and Bay Area","https://www.geekwire.com/2018/version-one-ventures-raises-45m-third-fund-keeps-close-eye-seattle-ecosystem/","","","","","","","","","","","","",""
"424","Atomic","$150","10/10/2018","2018","II","Bay Area","https://www.forbes.com/sites/alexkonrad/2018/10/10/atomic-startup-studio-new-fund/#4ccee372e570","","","","","","","","","","","","",""
"425","Base10 Partners","$137","9/17/2018","2018","I","Bay Area","https://venturebeat.com/2018/09/17/base10-partners-launches-137-million-early-stage-ai-startup-fund/amp/","","","","","","","","","","","","",""
"426","Seven Peaks Ventures","$28","9/13/2018","2018","II","Oregon","https://www.geekwire.com/2018/seven-peaks-ventures-raises-28m-fund-will-invest-25-early-stage-startups-across-pacific-northwest/","","","","","","","","","","","","",""
"427","645 Ventures","$41","8/23/2018","2018","II","NYC","","","","","","","","","","","","","",""
"428","Corigin Ventures","$22","8/20/2018","2018","II","NYC","https://therealdeal.com/2018/08/20/corigin-ventures-raises-22m-in-second-fund/","","","","","","","","","","","","",""
"429","Cowboy Ventures","$95","8/7/2018","2018","III","Bay Area","","","","","","","","","","","","","",""
"430","Company Ventures","$35","8/1/2018","2018","I","NYC","","","","","","","","","","","","","",""
"431","Health Enterprise Partners","$188","8/9/2018","2018","III","NYC","https://www.prnewswire.com/news-releases/health-enterprise-partners-raises-188-million-in-oversubscribed-third-fund-300676848.html","","","","","","","","","","","","",""
"432","RevTech Ventures","$40","7/30/2018","2018","VII","Dallas, Texas","","","","","","","","","","","","","",""
"433","Eos Venture Partners","$100","7/12/2018","2018","I","Philadelphia and London","","","","","","","","","","","","","",""
"434","New Voices Fund","$100","7/6/2018","2018","I","","https://newvoicesfund.com/about/","","","","","","","","","","","","",""
"435","ANIMO Ventures","$60","7/1/2018","2018","I","SF, NY, Miami","","","","","","","","","","","","","",""
"436","Wave Capital","$53","6/26/2018","2018","I","LA","","","","","","","","","","","","","",""
"437","Primary Venure Partners","$100","6/12/2018","2018","II","NYC","https://techcrunch.com/2018/06/12/primary-venture-partnrs-fund-ii/","","","","","","","","","","","","",""
"438","White Star Capital ","$180","6/4/2018","2018","II","London, New York, Montreal, Paris, Tokyo ","","","","","","","","","","","","","",""
"439","Torch Capital","$67","6/4/2018","2018","I","NYC","","","","","","","","","","","","","",""
"440","Stride","$53","6/4/2018","2018","I","UK","https://techcrunch.com/2018/06/04/stride-vc/","","","","","","","","","","","","",""
"441","Huobi Partners","$93","6/1/2018","2018","I","South Korea","https://www.coindesk.com/huobi-partners-on-93-million-china-south-korea-blockchain-fund/?utm_content=bufferff85d&utm_medium=social&utm_source=twitter.com&utm_campaign=buffer","","","","","","","","","","","","",""
"442","Collaborative Fund","$100","5/29/2018","2018","IV","NYC","","","","","","","","","","","","","",""
"443","Contrary Captal","$2","5/24/2018","2018","I","Midwest","https://medium.com/@contrarycapital/announcing-fund-i-365e8ea66f78","","","","","","","","","","","","",""
"444","Underscore","$115","5/30/2018","2018","II","Boston","","","","","","","","","","","","","",""
"445","Silverton Partners","$108","5/11/2018","2018","V","Austin, Texas","","","","","","","","","","","","","",""
"446","Female Founders Fund","$27","5/8/2018","2018","II","NYC","","","","","","","","","","","","","",""
"447","Backstage Capital","$36","5/4/2018","2018","II","Los Angeles","","","","","","","","","","","","","",""
"448","Salesforce Ventures - Canadian Trailblazer Fund","$100","5/3/2018","2018","I","Bay Area","","","","","","","","","","","","","",""
"449","Hustle Fund","$12","5/1/2018","2018","I","Bay Area","","","","","","","","","","","","","",""
"450","Golden Ventures","$58","5/2/22018","2018","III","Toronto, Canada","","","","","","","","","","","","","",""
"451","South Park Commons","$40","4/26/2018","2018","I","Bay Area","","","","","","","","","","","","","",""
"452","Imaginary Ventures","$75","4/17/2018","2018","I","NYC, UK","","","","","","","","","","","","","",""
"453","Shrug Capital","$3","4/16/2018","2018","I","Bay Area","","","","","","","","","","","","","",""
"454","Cyberstarts VC","$54","4/16/2018","2018","I","Israel","","","","","","","","","","","","","",""
"455","Lerer Hippeau","$150","4/13/2018","2018","VI","NYC","https://www.sec.gov/Archives/edgar/data/1725661/000172566118000001/xslFormDX01/primary_doc.xml","","","","","","","","","","","","",""
"456","Background Capital","$9","4/10/2018","2018","I","Bay Area","","","","","","","","","","","","","",""
"457","Conductive Ventures","$100","4/10/2018","2018","I","Bay Area","","","","","","","","","","","","","",""
"458","Unusual Ventures","$150","4/10/2018","2018","I","Bay Area","","","","","","","","","","","","","",""
"459","Makers Fund","$180","4/4/2018","2018","I","Hong Kong","","","","","","","","","","","","","",""
"460","Congruent Ventures","$92","4/5/2018","2018","I","Bay Area","","","","","","","","","","","","","",""
"461","Firebrand Ventures","$18","4/3/2018","2018","I","Kansas City, Missouri","https://www.firebrandvc.com/news-announcing-close-of-firebrand","","","","","","","","","","","","",""
"462","Unitus Seed Fund","$13","4/2/2018","2018","II","Seattle","","","","","","","","","","","","","",""
"463","AngelPad","$35","4/2/2018","2018","III","Bay Area, NYC","","","","","","","","","","","","","",""
"464","Ground Up Ventures","$19","3/30/2018","2018","I","NYC, Israel","","","","","","","","","","","","","",""
"465","Bedrock Capital","$122","3/27/2018","2018","I","NYC","","","","","","","","","","","","","",""
"466","Harrison Metal Capital","$68","3/26/2018","2018","V","Bay Area","","","","","","","","","","","","","",""
"467","Blockchain Capital","$250","3/22/2018","2018","IV","Bay Area","https://www.axios.com/blockchain-capital-1521650515-db901233-2c86-42f8-b21a-1d1d323e658a.html","","","","","","","","","","","","",""
"468","Casa Verde Capital ","$45","3/13/2018","2018","I","Los Angeles","","","","","","","","","","","","","",""
"469","Anterra Capital","$200","3/21/2018","2018","I","Boston, Amsterdan ","","","","","","","","","","","","","",""
"470","S Capital","$94","3/20/2018","2018","I","Israel","","","","","","","","","","","","","",""
"471","VentureFriends","$56","3/19/2018","2018","II","Greece","","","","","","","","","","","","","",""
"472","Sofinnova Partners","$154","3/12/2018","2018","IX","Paris, France","","","","","","","","","","","","","",""
"473","Companion Fund","$100","3/9/2018","2018","I","NYC, LA, SF","https://companionfund.com/","","","","","","","","","","","","",""
"474","Allegion Ventures","$50","3/9/2018","2018","I","Ireland ","https://www.allegion.com/corp/en/news/2018/allegion-ventures-launch.html","","","","","","","","","","","","",""
"475","VitalizeVC","$16","3/1/2018","2018","I","Chicago","https://t.co/yDIeoH3fFi?amp=1","","","","","","","","","","","","",""
"476","Spero Ventures","$100","3/1/2018","2018","I","Bay Area","https://www.forbes.com/sites/alexkonrad/2018/03/21/omidyar-networks-spins-out-for-profit-spero-ventures","","","","","","","","","","","","",""
"477","Heuristic Capital Partners","$34","2/28/2018","2018","I","Bay Area","","","","","","","","","","","","","",""
"478","Root Ventures","$77","3/1/2018","2018","II","Bay Area, LA","","","","","","","","","","","","","",""
"479","Berkeley SkyDeck","$24","2/23/2018","2018","I","Bay Area","","","","","","","","","","","","","",""
"480","Boost VC","$39","2/14/2018","2018","III","Bay Area","https://venturebeat.com/2018/02/13/adam-drapers-boost-vc-closes-new-fund-to-become-the-y-combinator-of-sci-fi-startups/","","","","","","","","","","","","",""
"481","True Wealth Ventures","$19","2/14/2018","2018","I","Austin, Texas","","","","","","","","","","","","","",""
"482","UpWest","$18","2/14/2018","2018","III","Bay Area, Israel","https://medium.com/upwest-labs/announcing-our-new-fund-upwest-fund-iii-99ab25a4cad9","","","","","","","","","","","","",""
"483","Homebrew","$90","2/12/2018","2018","III","Bay Area","https://homebrewvc.tumblr.com/post/170809955053/announcing-homebrew-iii-finding-our","","","","","","","","","","","","",""
"484","Notation","$27","2/7/2018","2018","II","NYC","https://techcrunch.com/2018/02/07/nyc-based-notation-capital-raises-27-million-for-second-fund/","","","","","","","","","","","","",""
"485","Science Ventures","$75","2/1/2018","2018","II","Los Angeles","https://www.sec.gov/Archives/edgar/data/1698567/000169856718000001/xslFormDX01/primary_doc.xml","","","","","","","","","","","","",""
"486","LDV Capital","$10","2/1/2018","2018","II","NYC","https://www.wsj.com/articles/ldv-capital-raises-seed-fund-for-visual-tech-1517488201","","","","","","","","","","","","",""
"487","Haystack","$23","1/31/2018","2018","IV","Bay Area","","","","","","","","","","","","","",""
"488","Bonfire Ventures","$60","1/30/2018","2018","I","Los Angeles","","","","","","","","","","","","","",""
"489","LRVHealth","$100","1/30/2018","2018","IV","Boston","","","","","","","","","","","","","",""
"490","AI Fund","$175","1/30/2018","2018","I","Bay Area","","","","","","","","","","","","","",""
"491","Loup Ventures","$25","1/23/2018","2018","I","Minneapolis, US","https://www.americaninno.com/minne/inno-news-minne/ai-focused-firm-loup-ventures-closes-first-fund-at-25m/","","","","","","","","","","","","",""
"492","Sinai Ventures","$90","1/22/2018","2018","I","Bay Area, NYC, Israel","","","","","","","","","","","","","",""
"493","Catapult","$55","1/18/2018","2018","I","Bay Area","","","","","","","","","","","","","",""
"494","Social Leverage Capital","$39","1/10/2018","2018","III","San Diego, Bay Area","","","","","","","","","","","","","",""
"495","Sequoia Ventues - Scout Fund","$180","1/18/2018","2018","III","Bay Area","","","","","","","","","","","","","",""
"496","Basis Set Ventures","$140","12/1/2017","2017","I","Bay Area","","","","","","","","","","","","","",""
"497","Precursor Ventures","$15","1/12/2017","2017","I","Bay Area","https://techcrunch.com/2017/01/11/precursor-ventures-is-a-classic-seed-stage-fund-with-a-refreshing-new-twist/","","","","","","","","","","","","",""
"498","1confirmation","$36","12/27/2017","2017","I","Bay Area","https://thecontrol.co/introducing-1confirmation-5fed4099fdc3","","","","","","","","","","","","",""
"499","Fly Ventures","$41","12/21/2017","2017","I","Berlin, Germany","","","","","","","","","","","","","",""
"500","Hadean Ventures","$118","12/20/2017","2017","I","Norway","","","","","","","","","","","","","",""
"501","Halogen Ventures","$10","12/20/2017","2017","I","Bay Area","","","","","","","","","","","","","",""
"502","Inventure","$130","12/19/2017","2017","III","Finland","https://techcrunch.com/2017/12/19/inventure-2/","","","","","","","","","","","","",""
"503","SeventySix Capital","$10","12/17/2017","2017","I","Conshohocken, PA, USA","","","","","","","","","","","","","",""
"504","Anzu Partners","$128","12/12/2017","2017","I","San Diego, CA","","","","","","","","","","","","","",""
"505","Hanaco Venture Capital","$80","12/12/2017","2017","I","Israel","","","","","","","","","","","","","",""
"506","TMT Crypto Fund ","$60","12/6/2017","2017","I","UK","","","","","","","","","","","","","",""
"507","Acceleprise","$7","12/6/2017","2017","II","Bay Area","","","","","","","","","","","","","",""
"508","Viola Fintech","$100","12/6/2017","2017","I","Tel Aviv","https://techcrunch.com/2017/12/06/viola-fintech/","","","","","","","","","","","","",""
"509","CrossCut","$125","12/6/2017","2017","IV","Los Angeles","https://techcrunch.com/2017/12/06/with-the-los-angeles-tech-scene-exploding-crosscut-ventures-raises-125-million-to-invest/","","","","","","","","","","","","",""
"510","Real Ventures","$180","11/30/2017","2017","IV","Montreal/Toronto, Canada","https://www.theglobeandmail.com/technology/foreign-funds-help-real-ventures-raise-180-million-for-two-new-capital-pools/article37130599/","","","","","","","","","","","","",""
"511","Red & Blue Ventures","$14","12/7/2017","2017","I","Phiiladelphia","","","","","","","","","","","","","",""
"512","Jump Capital","$100","12/7/2017","2017","I","Chicago","","","","","","","","","","","","","",""
"513","NeoTribe Ventures","$114","11/28/2017","2017","I","Bay Area","","","","","","","","","","","","","",""
"514","NFX","$150","11/28/2017","2017","II","Bay Area, Israel","https://www.nfx.com/post/announcing-the-new-nfx","","","","","","","","","","","","",""
"515","Engineering Capital","$48","11/16/2017","2017","II","Bay Area","","","","","","","","","","","","","",""
"516","Defy Ventures","$151","11/16/2017","2017","I","Bay Area","","","","","","","","","","","","","",""
"517","Maryland Innovation Opportuniy Fund","$25","11/16/2017","2017","I","Maryland, US","https://technical.ly/baltimore/2017/11/14/maryland-venture-fund-closed-25m-invest-tech-companies/?utm_content=bufferae75f&utm_medium=social&utm_source=twitter.com&utm_campaign=buffer","","","","","","","","","","","","",""
"518","Tusk Ventures","$36","11/3/2017","2017","I","NYC","","","","","","","","","","","","","",""
"519","BioGeneration Ventures","$95","11/2/2017","2017","III","Netherlands","","","","","","","","","","","","","",""
"520","Brighteye Ventures","$58","11/2/2017","2017","I","Luxembourg","","","","","","","","","","","","","",""
"521","Cypress Growth Capital","$42","11/2/2017","2017","III","Dallas, TX","","","","","","","","","","","","","",""
"522","Viola Ventures (fka Carmel Ventures)","$200","11/1/2017","2017","I","Israel","","","","","","","","","","","","","",""
"523","CircleUp Growth Partners","$125","10/31/2017","2017","I","Bay Area","","","","","","","","","","","","","",""
"524","Grove Ventures","$110","10/31/2017","2017","I","Israel","","","","","","","","","","","","","",""
"525","M33 Growth","$180","10/13/2017","2017","I","Boston","","","","","","","","","","","","","",""
"526","KCRise Fund","$19","9/1/2017","2017","I","Kansas City, MO","","","","","","","","","","","","","",""
"527","Village Global","$100","10/1/2017","2017","I","Bay Area","","","","","","","","","","","","","",""
"528","Weekend Fund","$3","8/29/2017","2017","I","Bay Area","https://techcrunch.com/2017/08/29/weekend-fund-is-ryan-hoovers-3m-angel-fund/","","","","","","","","","","","","",""
"529","Arab Angel Fund","$25","9/15/2017","2017","I","Abu Dhabi, NYC, Washington DC","","","","","","","","","","","","","",""
"530","Costanoa Ventures","$175","9/14/2017","2017","III","Bay Area","https://techcrunch.com/2017/09/14/costanoa-ventures-raises-175-million-fund/","","","","","","","","","","","","",""
"531","Breakout Ventures","$60","9/14/2017","2017","I","Bay Area","","","","","","","","","","","","","",""
"532","Point Judith Capital","$61","9/13/2017","2017","IV","Boston","targeting $100M fund","","","","","","","","","","","","",""
"533","Insignia Venture Partners","$25","9/13/2017","2017","I","Singapore","","","","","","","","","","","","","",""
"534","Asus","$50","9/13/2017","2017","I","Taiwanese","","","","","","","","","","","","","",""
"535","StageOne Ventures","$110","9/5/2017","2017","III","Israel, Bay Area","","","","","","","","","","","","","",""
"536","Longevity Fund","$22","8/22/2017","2017","II","Bay Area","https://techcrunch.com/2017/08/22/this-23-year-old-just-closed-her-second-fund-which-is-focused-on-aging-with-22-million/","","","","","","","","","","","","",""
"537","Leap Global Partners","$15","8/18/2017","2017","I","Bay Area","","","","","","","","","","","","","",""
"538","Active Capital","$13","8/18/2017","2017","I","Austin, Texas","","","","","","","","","","","","","",""
"539","K9 Ventures","$42","8/14/2017","2017","III","Bay Area","https://techcrunch.com/2017/08/14/k9-ventures-sticks-to-its-knitting-closing-its-third-fund-with-42-million/","","","","","","","","","","","","",""
"540","Revel Partners","$21","8/3/2017","2017","II","NYC, Germany","","","","","","","","","","","","","",""
"541","Rewired","$100","8/3/2017","2017","I","Switzerland","","","","","","","","","","","","","",""
"542","Tracker","$16","8/3/2017","2017","I","Los Angeles","","","","","","","","","","","","","",""
"543","NextView","$50","8/2/2017","2017","III","Boston, NYC","","","","","","","","","","","","","",""
"544","Elevation Innovation Partners","$15","8/2/2017","2017","I","NYC","","","","","","","","","","","","","",""
"545","Third Prime Capital","$36","8/1/2017","2017","I","NYC, South Carolina","","","","","","","","","","","","","",""
"546","Amplo","$100","7/26/2017","2017","I","Bay Area, NYC, Texas","","","","","","","","","","","","","",""
"547","Mangrove Capital Partners","$170","7/19/2017","2017","V","Luxembourg","","","","","","","","","","","","","",""
"548","Qumra Capital","$115","7/19/2017","2017","II","Israel","","","","","","","","","","","","","",""
"549","Moment Ventures","$13","7/18/2017","2017","I","Bay Area","raising $50M","","","","","","","","","","","","",""
"550","Evolution Equity Partners","$125","7/17/2017","2017","I","NYC, Germany","","","","","","","","","","","","","",""
"551","Babel Ventures","$30","7/11/2017","2017","I","Bay Area","","","","","","","","","","","","","",""
"552","Blackhorn Ventures","$13","7/11/2017","2017","I","Boulder, Colorado","","","","","","","","","","","","","",""
"553","Crowberry Capial","$40","7/7/2017","2017","I","Iceland","crowberrycapital.com","","","","","","","","","","","","",""
"554","Felix Capital","$150","7/6/2017","2017","II","UK","","","","","","","","","","","","","",""
"555","Main Capital Partners","$114","7/6/2017","2017","V","Netherlands","","","","","","","","","","","","","",""
"556","Breega Capital","$113","7/5/2017","2017","II","France","","","","","","","","","","","","","",""
"557","Cipio Partners","$197","7/5/2017","2017","I","Germany, Luxembourg","","","","","","","","","","","","","",""
"558","Growth Street Partners","$70","7/3/2017","2017","I","Bay Area","","","","","","","","","","","","","",""
"559","LionBird","$35","6/30/2017","2017","II","Israel","","","","","","","","","","","","","",""
"560","Kairos Ventures","$25","6/29/2017","2017","I","LA","","","","","","","","","","","","","",""
"561","Benhamou Global Ventures","$480","6/28/2017","2017","III","Bay Area","","","","","","","","","","","","","",""
"562","Capnamic Ventures","$131","6/27/2017","2017","I","Germany","","","","","","","","","","","","","",""
"563","Pantera Capital","$24","6/27/2017","2017","I","Bay Area","","","","","","","","","","","","","",""
"564","Ludlow Ventures","$45","6/27/2017","2017","II","Michigan","https://techcrunch.com/2017/06/27/ludlow-ventures-targets-40-million-for-second-fund/","","","","","","","","","","","","",""
"565","Applied Materials (Korea)","$20","6/26/2017","2017","I","Korea","","","","","","","","","","","","","",""
"566","TIDE Africa Fund","$40","6/26/2017","2017","I","Kenya, UK","","","","","","","","","","","","","",""
"567","Intudo Ventures","$10","6/13/2017","2017","I","Indonesia","","","","","","","","","","","","","",""
"568","500 Startups Japan","$35","6/14/2017","2017","I","Japan","","","","","","","","","","","","","",""
"569","Glynn Capital","$153","6/14/2017","2017","V","Bay Area","","","","","","","","","","","","","",""
"570","Hardware Club","$28","6/14/2017","2017","I","Bay Area","","","","","","","","","","","","","",""
"571","MedMen","$60","6/14/2017","2017","I","Los Angeles","","","","","","","","","","","","","",""
"572","Ventureast","$100","6/14/2017","2017","VI","India","","","","","","","","","","","","","",""
"573","Palo Alto Networks Fund","$20","6/14/2017","2017","I","Bay Area","","","","","","","","","","","","","",""
"574","Firstminute Capital","$85","6/12/2017","2017","I","UK","","","","","","","","","","","","","",""
"575","The Geekdom Fund","$20","6/9/2017","2017","II","Texas","","","","","","","","","","","","","",""
"576","Radian Capital","$150","4/21/2017","2017","I","NYC","","","","","","","","","","","","","",""
"577","NRV","$33","6/7/2017","2017","I","Richmond, Virginia","http://www.richmond.com/business/local/richmond-venture-capital-firm-nrv-raises-million-in-new-investment/article_f8608bf8-ba7e-596e-a763-dd143a248f4a.html","","","","","","","","","","","","",""
"578","Kaszek Ventures","$200","6/5/2017","2017","III","Argentina","","","","","","","","","","","","","",""
"579","Orkila Capital","$118","6/5/2017","2017","II","NYC","","","","","","","","","","","","","",""
"580","Rooks Nest Ventures","$26","6/5/2017","2017","I","UK","","","","","","","","","","","","","",""
"581","First Star","$25","3/3/2017","2017","II","Boston","","","","","","","","","","","","","",""
"582","NextGen Venture Partners","$22","3/3/2017","2017","I","Washington DC","https://techcrunch.com/2017/03/03/nextgen-venture-partners-just-raised-a-22-million-fund-from-83-investors/","","","","","","","","","","","","",""
"583","Serra Ventures","$32","6/1/2017","2017","III","Illinois ","","","","","","","","","","","","","",""
"584","Pentech ","$114","5/24/2017","2017","III","UK","","","","","","","","","","","","","",""
"585","Afore Capital","$47","5/12/2017","2017","I","Bay Area","","","","","","","","","","","","","",""
"586","Peak Ventures","$50","5/9/2017","2017","II","Utah","https://techcrunch.com/2017/05/08/peak-ventures-shores-up-its-second-fund-for-50-million/","","","","","","","","","","","","",""
"587","Dundee Venture Capital","$31","5/7/2017","2017","III","Omaha, Nebraska / Minneapolis, MN","","","","","","","","","","","","","",""
"588","YL Ventures","$75","5/4/2017","2017","III","Bay Area, Israel","https://techcrunch.com/2017/05/04/yl-ventures-closes-75-million-fund-to-bring-israeli-startups-to-the-us/","","","","","","","","","","","","",""
"589","Salesforce AppExchange fund","$100","5/3/2017","2017","I","Bay Area","https://venturebeat.com/2017/05/02/salesforce-launches-appexchange-partner-program-and-100-million-platform-fund/","","","","","","","","","","","","",""
"590","Origin Ventures","$80","4/27/2017","2017","IV","Chicago, Salt Lake City","https://techcrunch.com/2017/04/27/chicagos-origin-ventures-just-raised-80-million-for-its-fourth-fund/","","","","","","","","","","","","",""
"591","SeedPlus","$18","4/25/2017","2017","I","Singapore","","","","","","","","","","","","","",""
"592","YI Capital","$116","4/24/2017","2017","I","China","","","","","","","","","","","","","",""
"593","ENIAC Ventures","$100","4/13/2017","2017","IV","NYC, Bay Area","","","","","","","","","","","","","",""
"594","Freestyle","$90","4/10/2017","2017","IV","Bay Area","","","","","","","","","","","","","",""
"595","Felix Capital","$55","4/10/2017","2017","II","UK","","","","","","","","","","","","","",""
"596","The Engine","$150","4/6/2017","2017","I","Boston","","","","","","","","","","","","","",""
"597","Forward Ventures","$75","4/5/2017","2017","II","UK","","","","","","","","","","","","","",""
"598","Resolute Ventures","$65","4/4/2017","2017","III","Bay Area, Boston","","","","","","","","","","","","","",""
"599","Israel Secondary Fund","$100","4/2/2017","2017","II","Israel","","","","","","","","","","","","","",""
"600","Bullish","$7","3/31/2017","2017","I","NYC, Denver, Conneticut ","","","","","","","","","","","","","",""
"601","Banyan Capital","$25","3/31/2017","2017","IV","China","","","","","","","","","","","","","",""
"602","Medical Technology Venture Partners","$20","3/27/2017","2017","I","Bay Area","","","","","","","","","","","","","",""
"603","SAP.iO","$35","3/23/2017","2017","I","Bay Area","SAP.io","","","","","","","","","","","","",""
"604","Octopus Ventures","$150","3/23/2017","2017","","London","","","","","","","","","","","","","",""
"605","Biomatics Capital Partners","$200","3/15/2017","2017","I","Seattle","","","","","","","","","","","","","",""
"606","Rokk3r Labs","$150","3/14/2017","2017","I","Miami, Florida","","","","","","","","","","","","","",""
"607","Floodgate","$131","3/11/2017","2017","VI","Bay Area","","","","","","","","","","","","","",""
"608","Blumberg Capital","$200","3/9/2017","2017","IV","Bay Area, NYC, Israel","","","","","","","","","","","","","",""
"609","Pioneer Capital","$145","3/13/2017","2017","III","New Zealand","","","","","","","","","","","","","",""
"610","Activant Capital","$75","3/13/2017","2017","II","Connecticut, US","","","","","","","","","","","","","",""
"611","K2 Global","$183","2/24/2017","2017","I","Bay Area","https://techcrunch.com/2017/02/23/k2-globals-183-million-fund-aims-to-decentralize-sand-hill-road/","","","","","","","","","","","","",""
"612","Betaworks Ventures","$50","2/22/2017","2017","I","NYC","https://www.axios.com/pro-rata-2276639552.html","","","","","","","","","","","","",""
"613","Vanedge Capital","$161","2/24/2017","2017","II","Vancover, Canada","http://www.theglobeandmail.com/report-on-business/vanedge-capital-closes-largest-bc-venture-capital-fund-in-13-years/article34130224/","","","","","","","","","","","","",""
"614","Project A","$147","2/22/2017","2017","II","Germany","","","","","","","","","","","","","",""
"615","TrueBridge Capital Partners","$125","2/22/2017","2017","I","North Carolina, US","","","","","","","","","","","","","",""
"616","Cervin Ventures","$56","2/17/2017","2017","I","Bay Area","https://techcrunch.com/2017/02/16/cervin-ventures-unveils-new-56m-fund-aimed-at-the-future-of-the-enterprise-stack/","","","","","","","","","","","","",""
"617","Fika Ventures","$40","2/15/2017","2017","I","Los Angeles","","","","","","","","","","","","","",""
"618","Green Bay Ventures","$130","2/10/2017","2017","I","Bay Area","","","","","","","","","","","","","",""
"619","Frontline Ventures ","$64","2/10/2017","2017","II","London","","","","","","","","","","","","","",""
"620","Third Kind Ventures","$44","2/10/2017","2017","I","NYC","","","","","","","","","","","","","",""
"621","FirstTime","$40","2/10/2017","2017","II","Israel","","","","","","","","","","","","","",""
"622","Promus Ventures","$15","2/10/2017","2017","II","Chicago","","","","","","","","","","","","","",""
"623","Grab Ventures","$100","2/10/2017","2017","I","Singapore","Corp VC fund of Grab Taxi","","","","","","","","","","","","",""
"624","Amplify Ventures","$10","1/30/2017","2017","III","Los Angeles","","","","","","","","","","","","","",""
"625","Correlation Ventures","$200","1/11/2017","2017","II","Bay Area, San Diego, NYC","https://www.prnewswire.com/news-releases/correlation-ventures-raises-an-oversubscribed-200m-second-fund-300389254.html","","","","","","","","","","","","",""
"626","Nyca Partners","$125","1/27/2017","2017","II","NYC","http://www.bizjournals.com/newyork/news/2017/01/27/nyca-partners-unveils-details-on-its-latest.html","","","","","","","","","","","","",""
"627","Merus Capital","$85","1/24/2017","2017","III","Bay Area","","","","","","","","","","","","","",""
"628","Flyover Capital","$46","1/3/2017","2017","I","Kansas","","","","","","","","","","","","","",""
"629","Core Innovation Capital","$72","1/3/2017","2017","II","Los Angeles, Bay Area","","","","","","","","","","","","","",""
"630","Corrleation Ventures","$200","1/12/2017","2017","II","San Diego, CA","","","","","","","","","","","","","",""
"631","SOSV Investments","$150","1/4/2017","2017","III","Ireland ","","","","","","","","","","","","","",""
"632","Eclipse Ventures","$184","1/12/2017","2017","II","Bay Area","","","","","","","","","","","","","",""
"633","PivotNorth","","1/9/2017","2017","III","Bay Area","fund size not disclosed but likely sub $100M based on previous funds","","","","","","","","","","","","",""
"634","Hatteras Ventures Partners","$150","1/6/2017","2017","V","Durham, North Carolina","","","","","","","","","","","","","",""
"635","Samsung NEXT","$150","1/5/2017","2017","I","Bay Area","","","","","","","","","","","","","",""
"636","Digitalis Ventures","$100","1/5/2017","2017","I","NYC","","","","","","","","","","","","","",""
"637","Marathon Venture Capital","$40","1/1/2017","2017","I","Greece","","","","","","","","","","","","","",""
"638","Laconia","$13","1/1/2017","2017","II","NYC","","","","","","","","","","","","","",""
"639","Firebank Ventures","$7","1/5/2017","2017","I","Kansas City, MO","","","","","","","","","","","","","",""
"640","Backstage Capital","$5","12/1/2016","2016","I","Bay Area","","","","","","","","","","","","","",""
"641","BlueYard Capital","$120","1/4/2016","2016","I","Berlin, Germany","http://techcrunch.com/2016/01/04/blueyard-capital/","","","","","","","","","","","","",""
"642","GoAhead Ventures","$55","12/23/2016","2016","I","Bay Area","","","","","","","","","","","","","",""
"643","SignalFire","$101","12/23/2016","2016","II","Bay Area","","","","","","","","","","","","","",""
"644","Algebra Ventures","$40","12/23/2106","2016","I","Egypt","","","","","","","","","","","","","",""
"645","Palm Beach Capital","$49","12/9/2016","2016","IV","Palm Beach, Fl","https://www.sec.gov/Archives/edgar/data/1660491/000166049116000002/xslFormDX01/primary_doc.xml","","","","","","","","","","","","",""
"646","Domain Associates","$163","12/9/2016","2016","IX","San Diego, CA","https://www.sec.gov/Archives/edgar/data/1628864/000162886416000002/xslFormDX01/primary_doc.xml","","","","","","","","","","","","",""
"647","Bullpen Capital","$75","12/2/2016","2016","III","Bay Area","","","","","","","","","","","","","",""
"648","Founder Collective","$75","11/30/2016","2016","III","Bay Area, Boston","https://medium.com/@foundercollective/announcing-founder-collective-iii-6fad299bb2b1#.f6zxrrf79","","","","","","","","","","","","",""
"649","Draper Nexus","$175","11/23/2016","2016","II","Bay Area, Japan","per Term Sheet","","","","","","","","","","","","",""
"650","Caffeinated Capital","$17","11/23/2016","2016","I","Bay Area","$75M target - per Term Sheet","","","","","","","","","","","","",""
"651","SV Angel","$53","11/23/2016","2016","VI","Bay Area","SEC filing - per Term Sheet","","","","","","","","","","","","",""
"652","Slow Ventures","$145","11/18/2016","2016","III","Bay Area","https://techcrunch.com/2016/11/17/slow-ventures-launches-a-new-145m-fund-and-adds-scott-marlette-as-a-partner/","","","","","","","","","","","","",""
"653","The House Fund","$6","11/16/2016","2016","I","Berkeley, California","http://www.7x7.com/uc-berkeleys-the-house-raises-6m-to-incubate-student-start-ups-2078250174.html","","","","","","","","","","","","",""
"654","BoldStart Ventures ","$47","11/15/2016","2016","III","NYC","https://techcrunch.com/2016/11/15/boldstart-ventures-locks-down-47-million-for-fund-three/","","","","","","","","","","","","",""
"655","WME Ventures","$50","11/14/2016","2016","I","NYC","http://www.forbes.com/sites/alexkonrad/2016/11/14/beth-ferreira-and-wme-ventures-match-startups-with-talent/#529d612437dd","","","","","","","","","","","","",""
"656","SJF Ventures","$74","11/4/2016","2016","IV","Durham, North Carolina","","","","","","","","","","","","","",""
"657","Relay Ventures","$150","11/4/2016","2016","III","Bay Area, Toronto","","","","","","","","","","","","","",""
"658","Campire Capital","$41","10/31/2016","2016","I","Vancover, Canada","http://www.bctechnology.com/news/2016/10/21/Vancouver-based-Venture-Capital-Firm-Campfire-Capital-Closes-41.1-Million-Venture-Capital-Fund.cfm?id=36669","","","","","","","","","","","","",""
"659","Chicago Ventues","$66","10/31/2016","2016","II","Chicago","http://www.chicagotribune.com/bluesky/originals/ct-chicago-ventures-66-million-second-fund-bsi-20161031-story.html","","","","","","","","","","","","",""
"660","Javelin Venture Partners","$125","10/26/2016","2016","IV","Bay Area","https://techcrunch.com/2016/10/26/javelin-venture-partners-just-closed-its-fourth-fund-with-125-million/","","","","","","","","","","","","",""
"661","Questa Capital","$100","10/24/2016","2016","I","Bay Area","1st close was $100M, target is $250M","","","","","","","","","","","","",""
"662","Initialized Capital","$115","10/24/2016","2016","I","Bay Area","http://initialized.com/initializing-initialized-capital-dot-dot-dot","","","","","","","","","","","","",""
"663","HealthX Ventures","$20","10/21/2016","2016","I","Wisconsin, US","http://www.healthxventures.com/news/2016/10/2/healthx-ventures-closes-flagship-fund-of-more-than-20-million","","","","","","","","","","","","",""
"664","Sound Ventures","$130","10/19/2016","2016","I","LA","via Recode (early and growth stage funds, early stage fund is single LP Live Nation and growth stage fund is single LP Liberty","","","","","","","","","","","","",""
"665","Bowery Capital","$60","10/19/2016","2016","II","NYC","via Term Sheet","","","","","","","","","","","","",""
"666","BioVentures Investors","$87","10/10/2016","2016","IV","Boston","http://www.businesswire.com/news/home/20161007005588/en/BioVentures-Investors-LLC-Closes-Fund-IV-87","","","","","","","","","","","","",""
"667","Compound","$50","10/5/2016","2016","I","NYC","http://www.forbes.com/sites/alexkonrad/2016/10/05/metamorphic-ventures-rebrands-as-compound-with-new-fund/","","","","","","","","","","","","",""
"668","Zetta Venture Partners","$100","10/5/2016","2016","II","Bay Area","http://www.forbes.com/sites/alexkonrad/2016/10/04/zetta-venture-partners-raises-100-million-for-intelligent-enterprise-software/#133c9096ca28","","","","","","","","","","","","",""
"669","Information Venture Partners","$82","10/1/2016","2016","II","Toronto, Canada","","","","","","","","","","","","","",""
"670","Aleph","$180","9/26/2016","2016","II","Israel","","","","","","","","","","","","","",""
"671","Benhamou Global Ventures","$38","9/16/2016","2016","III","Bay Area","https://www.pehub.com/2016/09/benhamou-global-ventures-has-first-close-on-75-mln-third-fund/","","","","","","","","","","","","",""
"672","Rittenhouse Ventures","$18","9/22/2016","2016","II","Philadelphia, USA","http://technical.ly/philly/2016/09/22/rittenhouse-ventures-closed-fund-ii","","","","","","","","","","","","",""
"673","Elephant Partners","$156","9/22/2016","2016","I","NYC, Boston","https://www.pehub.com/2016/09/elephant-partners-closes-initial-fund-at-over-156-mln/","","","","","","","","","","","","",""
"674","s28 Capital","$170","9/20/2016","2016","I","Bay Area","","","","","","","","","","","","","",""
"675","First Round Capital","$175","9/8/2016","2016","VI","Bay Area, NYC, Philly","http://fortune.com/2016/09/08/first-round-capital-says-goodbye-to-co-founder-hello-to-new-fund/","","","","","","","","","","","","",""
"676","MissionOG","$35","2/9/2016","2016","I","Philadelphia, USA","http://www.phillymag.com/business/2016/02/09/missionog-35-million/","","","","","","","","","","","","",""
"677","Long Ventures Partners","$20","9/5/2016","2016","I","Bay Area","targeting $50M, have $20M already commited - http://fortune.com/2016/09/06/theres-a-new-ai-focused-vc-fund-in-silicon-valley/","","","","","","","","","","","","",""
"678","Bryant Stibel","$100","8/22/2016","2016","I","LA","http://www.wsj.com/articles/kobe-bryant-and-jeff-stibel-unveil-100-million-venture-capital-fund-1471838403","","","","","","","","","","","","",""
"679","Brooklyn Bridge Ventures","$15","8/22/2016","2016","II","NYC","http://www.forbes.com/sites/alexkonrad/2016/08/22/charlie-odonnell-raises-15-million-fund/#338023466dab","","","","","","","","","","","","",""
"680","Pear","$75","8/16/2016","2016","II","Bay Area","https://techcrunch.com/2016/08/16/pejman-mar-rebrands-as-it-unveils-a-75-million-new-fund/","","","","","","","","","","","","",""
"681","KEC Ventures","$65","8/16/2016","2016","II","NYC","http://www.wsj.com/articles/kec-ventures-closes-on-65m-early-stage-fund-1471037718","","","","","","","","","","","","",""
"682","Susa Ventures","$50","8/16/2016","2016","II","Bay Area","http://www.businesswire.com/news/home/20160816005355/en/Susa-Ventures-Closes-50M-Fund","","","","","","","","","","","","",""
"683","Binary Capital","$175","8/1/2016","2016","II","Bay Area","https://techcrunch.com/2016/08/01/binary-capital/?ncid=rss","","","","","","","","","","","","",""
"684","500 Istanbul","$15","7/21/2016","2016","I","Turkey","","","","","","","","","","","","","",""
"685","Liquid 2 Ventures","$40","7/6/2016","2016","II","Bay Area","https://www.pehub.com/2016/07/nfl-hall-of-famer-joe-montanas-inaugural-venture-fund-targets-40-mln/","","","","","","","","","","","","",""
"686","Forerunner Ventures","$122","7/5/2016","2016","III","Bay Area","https://www.sec.gov/Archives/edgar/data/1677697/000167769716000001/xslFormDX01/primary_doc.xml","","","","","","","","","","","","",""
"687","Bloomberg Beta","$75","7/1/2016","2016","II","NYC, Bay Area","","","","","","","","","","","","","",""
"688","SaaStr Fund","","6/28/2016","2016","I","Bay Area","","","","","","","","","","","","","",""
"689","Bee Partners","","6/28/2016","2016","II","Bay Area","","","","","","","","","","","","","",""
"690","Union Square Ventures","$175","6/22/2016","2016","V","NYC","http://avc.com/2016/06/usv-2016/","","","","","","","","","","","","",""
"691","Commerce Ventures","$26","6/13/2016","2016","II","Bay Area","1st close per SEC","","","","","","","","","","","","",""
"692","Underscore","$85","6/9/2016","2016","I","Boston","http://www.xconomy.com/boston/2016/06/06/underscore-vc-looks-to-align-boston-tech-community-with-startups/#","","","","","","","","","","","","",""
"693","Sherpa Ventures","$172","6/9/2016","2016","II","Bay Area","","","","","","","","","","","","","",""
"694","Softtech VC","$100","6/8/2016","2016","V","Bay Area","http://techcrunch.com/2016/06/08/softtech-vc-closes-its-fifth-fund-with-100-million-raises-50-million-opportunity-fund/","","","","","","","","","","","","",""
"695","Softtech VC ""breakout"" ","$50","6/8/2016","2016","I","Bay Area","http://techcrunch.com/2016/06/08/softtech-vc-closes-its-fifth-fund-with-100-million-raises-50-million-opportunity-fund/","","","","","","","","","","","","",""
"696","Greenspring Associates","$200","6/3/2016","2016","II","Maryland, US","http://finance.yahoo.com/news/greenspring-associates-raises-200-million-110000236.html","","","","","","","","","","","","",""
"697","Moneta Ventures","$25","6/2/2016","2016","II","Sacramento, CA, US","http://techcrunch.com/2016/06/02/a-micro-vc-firm-in-sacramento-raises-a-fast-second-fund/","","","","","","","","","","","","",""
"698","Romulus Capital","$75","6/1/2016","2016","III","Boston","http://www.forbes.com/sites/alexkonrad/2016/06/01/how-romulus-capital-built-a-150-million-firm/#535ebd0126d1","","","","","","","","","","","","",""
"699","Clear Ventures","$120","6/1/2016","2016","I","Bay Area","http://techcrunch.com/2016/06/01/clear-ventures-run-by-veteran-investors-launches-debut-fund-with-120-million/","","","","","","","","","","","","",""
"700","Chrysalix Venture Capital","$111","5/31/2016","2016","I","Canada","https://www.biv.com/article/2016/5/chrysalix-focusing-robots-new-146-million-fund/","","","","","","","","","","","","",""
"701","iNovia","$120","1/20/2016","2016","IV","Canada","http://www.wsj.com/articles/canadas-inovia-capital-raises-c-175-million-for-new-venture-capital-fund-1453319996","","","","","","","","","","","","",""
"702","Indie.vc","$30","5/31/2016","2016","II","Utah","http://www.wsj.com/articles/venture-capital-and-its-discontents-1464667261","","","","","","","","","","","","",""
"703","State of Mind Ventures","$75","5/27/2016","2016","I","Israe","http://www.haaretz.com/israel-news/business/1.721164","","","","","","","","","","","","",""
"704","Data Collective","$175","5/27/2016","2016","IV","Bay Area","","","","","","","","","","","","","",""
"705","Backed","$60","5/25/2016","2016","I","UK","","","","","","","","","","","","","",""
"706","WI Harper","$175","5/17/2016","2016","VIII","Bay Area, China","","","","","","","","","","","","","",""
"707","Refactor Capital","$50","5/10/2016","2016","I","Bay Area","https://www.crunchbase.com/organization/refactor-capital","","","","","","","","","","","","",""
"708","Designer Fund","$20","5/3/2016","2016","I","Bay Area","http://techcrunch.com/2016/05/03/designer-fund-which-backs-startups-with-designers-on-their-founding-teams-has-raised-20-million/","","","","","","","","","","","","",""
"709","Felicis Ventures","$200","4/21/2016","2016","V","Bay Area","http://techcrunch.com/2016/04/21/felicis-ventures-closes-on-200-million-roughly-double-its-last-fund/","","","","","","","","","","","","",""
"710","Draper Associates","$190","4/11/2016","2016","I","Bay Area","","","","","","","","","","","","","",""
"711","Altos Ventures Korea Fund","$110","3/24/2016","2016","II","Bay Area, Korea","","","","","","","","","","","","","",""
"712","Upside Partnership","$44","3/21/2016","2016","II","Bay Area","","","","","","","","","","","","","",""
"713","Union Square Ventures","$175","3/18/2016","2016","IV","NYC","per SEC and Fortune ","","","","","","","","","","","","",""
"714","Contour Venture Partners","$56","3/16/2016","2016","III","NYC","https://www.pehub.com/2016/03/new-york-based-contour-raises-81-mln-for-two-funds/","","","","","","","","","","","","",""
"715","Mucker Capital","$45","3/9/2016","2016","III","Los Angeles","http://techcrunch.com/2016/03/09/mucker-capital-closes-on-45-million-for-an-early-stage-la-based-fund/","","","","","","","","","","","","",""
"716","Tribeca Venture Partners","$117","2/26/2016","2016","II","NYC","http://tribecavp.com/announcing-tribeca-venture-partners-fund-ii/","","","","","","","","","","","","",""
"717","TLV Partners","$115","2/24/2016","2016","I","Tel Aviv","","","","","","","","","","","","","",""
"718","1955 Capital","$200","2/24/2016","2016","I","Bay Area","","","","","","","","","","","","","",""
"719","Super Ventures","$10","2/15/2016","2016","I","Bay Area","VR focused fund","","","","","","","","","","","","",""
"720","Courtside Ventures","$35","1/11/2016","2016","I","NYC, Detroit","","","","","","","","","","","","","",""
"721","Sierra Ventures","$170","1/4/2016","2016","XI","Bay Area","","","","","","","","","","","","","",""
"722","White Star Capital","$70","11/1/2015","2015","I","NYC, UK, Montreal","","","","","","","","","","","","","",""
"723","Greycroft Partners","$200","11/1/2015","2015","IV","NYC, LA","https://medium.com/@greycroftvc/ten-years-and-counting-51b7901b8a1c#.t0n04flef","","","","","","","","","","","","",""
"724","Lerer Hippeau Ventures","$113","11/1/2015","2015","V","NYC","http://blogs.wsj.com/venturecapital/2015/11/19/lerer-hippeau-fund-v-hits-113m-as-new-york-tech-heats/","","","","","","","","","","","","",""
"725","AH Bio Fund","$200","11/1/2015","2015","I","Bay Area","http://techcrunch.com/2015/11/18/andreessen-horowitz-gets-a-new-gp-and-a-new-fund/","","","","","","","","","","","","",""
"726","Ameba Capital","$157","11/1/2015","2015","II","China","","","","","","","","","","","","","",""
"727","Router Ventures","$1","11/1/2015","2015","I","Omaha, Nebraska, USA","http://siliconprairienews.com/2015/11/router-ventures-has-raised-a-1-million-fund-so-far/","","","","","","","","","","","","",""
"728","Brooklyn Bridge Ventures","$13","11/1/2015","2015","II","NYC","http://techcrunch.com/2015/11/15/brooklyn-bridge-ventures-approaches-15-million-target-for-second-fund/","","","","","","","","","","","","",""
"729","Open Ocean","$100","11/1/2015","2015","I","Finland","http://techcrunch.com/2015/11/10/open-ocean-fund/","","","","","","","","","","","","",""
"730","B-to-v Partners","$70","10/1/2015","2015","III","Germany","","","","","","","","","","","","","",""
"731","Acton Capital Partners","$200","10/1/2015","2015","II","Germany","","","","","","","","","","","","","",""
"732","Reach Capital","$53","10/1/2015","2015","I","Bay Area","","","","","","","","","","","","","",""
"733","Progress Ventures","$20","10/1/2015","2015","III","Boston, MA","","","","","","","","","","","","","",""
"734","S2G Ventures","$125","10/1/2015","2015","I","Chicago","http://blogs.wsj.com/venturecapital/2015/10/20/new-food-and-agriculture-fund-s2g-ventures-launches-with-125-million/","","","","","","","","","","","","",""
"735","Cloud Apps Capital Partners","$54","9/1/2015","2015","I","Bay Area","","","","","","","","","","","","","",""
"736","TenOneTen","$18","9/1/2015","2015","I","Los Angeles","http://blogs.wsj.com/venturecapital/2014/08/29/tenoneten-founders-go-from-creating-startups-to-investing-in-them/","","","","","","","","","","","","",""
"737","Draper Associates","$50","9/1/2015","2015","V","Bay Area","SEC","","","","","","","","","","","","",""
"738","Amplify Partners","$150","9/1/2015","2015","II","Bay Area","","","","","","","","","","","","","",""
"739","500 Startups","$85","9/1/2015","2015","III","Bay Area","http://blogs.wsj.com/venturecapital/2015/09/04/after-bumpy-road-500-startups-closes-fund-iii-with-85m/","","","","","","","","","","","","",""
"740","IDG Ventures","$120","9/1/2015","2015","III","Bay Area","http://techcrunch.com/2015/08/31/idg-ventures-closes-on-120-million-for-its-third-fund/","","","","","","","","","","","","",""
"741","BoldStart Ventures","$20","7/1/2015","2015","III","NYC","http://blogs.wsj.com/venturecapital/2015/07/24/boldstart-nails-20m-toward-new-seed-fund-as-new-york-enterprise-software-sector-matures/","","","","","","","","","","","","",""
"742","Constanoa Venture Capital","$135","7/1/2015","2015","II","Bay Area","","","","","","","","","","","","","",""
"743","CrossCut Ventures","$75","6/1/2015","2015","III","Los Angeles","http://fortune.com/2015/06/23/la-venture-firm-crosscut-raises-75-million-for-third-fund/?xid=soc_socialflow_facebook_FORTUNE","","","","","","","","","","","","",""
"744","Intel Capital Diversity Fund","$125","6/1/2015","2015","I","Bay Area","http://blogs.wsj.com/venturecapital/2015/06/09/intel-capital-creates-125m-fund-for-women-minority-led-startups/","","","","","","","","","","","","",""
"745","Passion Capital","$69","","2015","II","UK","http://techcrunch.com/2015/05/28/passion-capital-fund-2/","","","","","","","","","","","","",""
"746","Collaborative Fund","$65","","2015","III","NYC","http://pevc.dowjones.com/Article?an=DJFVW00120150512eb5crmorn&ReturnUrl=http%3a%2f%2fpevc.dowjones.com%2fArticle%3fan%3dDJFVW00120150512eb5crmorn","","","","","","","","","","","","",""
"747","Obvious Ventures","$123","","2015","I","Bay Area","http://venturebeat.com/2015/05/21/ev-williams-obvious-ventures-closes-123456789-round/","","","","","","","","","","","","",""
"748","Valar","$1","5/21/2015","2015","II","NYC","","","","","","","","","","","","","",""
"749","Formation 8 hardware fund","$100","","2015","I","Bay Area","","","","","","","","","","","","","",""
"750","Twilio Fund","$50","","2015","I","Bay Area","http://recode.net/2015/05/20/twilio-launches-50-million-development-fund/","","","","","","","","","","","","",""
"751","Aspect Ventures","$150","","2015","I","Bay Area","http://aspectventures.com/aspect-ventures-raises-150-million-for-first-fund/","","","","","","","","","","","","",""
"752","Storm Ventures","$180","","2015","V","Bay Area","http://techcrunch.com/2015/05/08/storm-ventures-locks-down-180m-for-its-new-fund/","","","","","","","","","","","","",""
"753","Slow","$65","","2015","IV","Bay Area","https://medium.com/@slow/announcing-slow-4-c70cf1b85ba6","","","","","","","","","","","","",""
"754","Illuminate","$30","","2015","II","Bay Area","raising Fund II per SEC filing","","","","","","","","","","","","",""
"755","Playground Global","$48","","2015","I","Bay Area","hardware accelerator - http://fortune.com/2015/04/06/ex-google-exec-andy-rubin-raises-48-million-for-hardware-incubator/","","","","","","","","","","","","",""
"756","HWVP","$105","","2015","VII","Bay Area","http://www.strictlyvc.com/2015/04/06/hummer-winblad-reboots/","","","","","","","","","","","","",""
"757","Freestyle","$60","","2015","III","Bay Area","http://techcrunch.com/2015/04/02/freestyle-capital-locks-down-60m-for-its-third-fund-adds-jenny-lefcourt-as-its-third-partner/","","","","","","","","","","","","",""
"758","Structure Capital","$50","","2015","II","Bay Area","raised $50M, not closed","","","","","","","","","","","","",""
"759","Ignition Partners","$200","","2015","VII","Seattle","raising up to $200M, not clear if has closed yet","","","","","","","","","","","","",""
"760","Zetta Venture Partners","$60","","2015","I","Bay Area","","","","","","","","","","","","","",""
"761","Engineering Capital","$32","","2015","I ","Bay Area","http://blogs.wsj.com/venturecapital/2015/02/24/venture-firm-engineering-capital-emerges-with-32-million-fund/","","","","","","","","","","","","",""
"762","Notation Capital","$8","","2015","I ","NYC","","","","","","","","","","","","","",""
"763","Homebrew Ventures","$50","","2015","II","Bay Area","","","","","","","","","","","","","",""
"764","Homebrew Ventures","$35","","2015","Opp Fund","Bay Area","opportunity fund, doing pro-rata in existing portfolio companies","","","","","","","","","","","","",""
"765","Aligned Partners","$50","","2015","II","Bay Area","","","","","","","","","","","","","",""
"766","Crosslink Capital","$170","","2015","VII","Bay Area","http://venturebeat.com/2015/02/05/crosslink-closes-new-seed-stage-fund-with-170m-in-capital/","","","","","","","","","","","","",""
"767","83North","$200","","2015","I","Israel, UK","ex Greylock Israel team","","","","","","","","","","","","",""
"768","Cendana Co-Investment Fund","$40","","2015","I","Bay Area","https://www.pehub.com/2015/01/august-aspect-blumberg-to-raise-money-cendana-get-another-40-mln/","","","","","","","","","","","","",""
"769","Tullis Growth Fund","$21.4","","2015","I","Florida","https://www.pehub.com/2015/01/august-aspect-blumberg-to-raise-money-cendana-get-another-40-mln/","","","","","","","","","","","","",""
"770","Kickstart Fund","$39","","2015","III","Utah","http://tech.co/kickstart-seed-fund-iii-2015-01","","","","","","","","","","","","",""
"771","Techstars Ventures","$150","","2015","III","Boulder, Colorado","","","","","","","","","","","","","",""
"772","Sofia Fund","$4","","2015","II","Minnesota, USA","http://strib.mn/1y5HFi9","","","","","","","","","","","","",""
"773","ENIAC Ventures","$55","","2015","III","NYC","http://techcrunch.com/2015/01/22/eniac-ventures-third-fund/","","","","","","","","","","","","",""
"774","Laconia","$5","1/2015","2015","I","NYC","","","","","","","","","","","","","",""
"775","Tandem","$100","","2015","III","Bay Area","http://tandemcap.com/2015/01/15/tandem-completes-new-100-million-investment-fund/","","","","","","","","","","","","",""
"776","V1.vc","$5","1/1/2018","2018","I","Boulder, Colorado","","","","","","","","","","","","","",""
"777","Zelkova Ventures","$13","1/1/2015","2015","II","NYC","","","","","","","","","","","","","",""
"778","Moneta Ventures","$25","2/19/2015","2015","I","Sacramento, CA, US","https://www.pehub.com/2015/02/moneta-ventures-fund-i-raises-25-mln/","","","","","","","","","","","","",""
"779","Apertue Venture Partners","$50","","2015","III","NYC","","","","","","","","","","","","","",""
"780","Data Collective","$125","","2014","I","Bay Area","Opportunity Fund","","","","","","","","","","","","",""
"781","Cowboy Ventures","$57","","2014","II","Bay Area","http://blogs.wsj.com/venturecapital/2014/12/29/kleiner-perkins-veteran-has-the-reins-at-seed-firm-cowboy-ventures/","","","","","","","","","","","","",""
"782","First Round Capital","$175","","2014","V","Bay Area, NYC, Philly","http://blogs.wsj.com/venturecapital/2014/06/26/first-round-capital-gathers-175m-for-fifth-fund/?mod=WSJBlog","","","","","","","","","","","","",""
"783","Jaquar Ventures","$10.0","12/1/2014","2014","I","Mexico City, Buenos Aires ","","","","","","","","","","","","","",""
"784","Primary Venture Partners","$30.0","4/2014","2014","I","NYC","1st close - $60M target - http://pevc.dowjones.com/article?an=DJFVW00120141217eachqux8m&from=alert&pid=22&ReturnUrl=http%3a%2f%2fpevc.dowjones.com%2farticle%3fan%3dDJFVW00120141217eachqux8m%26from%3dalert%26pid%3d22","","","","","","","","","","","","",""
"785","xFund","$100","","2014","II","Boston, Bay Area","http://techcrunch.com/2014/12/04/harvard-based-xfund-closes-a-100m-second-fund/","","","","","","","","","","","","",""
"786","Cendana Capital","$50","","2014","II","Bay Area","Fund of Funds","","","","","","","","","","","","",""
"787","Golden Ventures Partners","$40","","2014","II","Toronto, Canada","https://medium.com/@mattgoldenvp/golden-venture-partners-ii-d81c3cd0db60","","","","","","","","","","","","",""
"788","Unshackled","$3.5","","2014","I","Bay Area","http://blogs.wsj.com/venturecapital/2014/11/13/unshackled-a-new-angel-fund-forms-to-back-immigrant-entrepreneurs/?mg=blogs-wsj&url=http%253A%252F%252Fblogs.wsj.com%252Fventurecapital%252F2014%252F11%252F13%252Funshackled-a-new-angel-fund-forms-to-back-immigrant-entrepreneurs","","","","","","","","","","","","",""
"789","Female Founders Fund (FCubed)","$5","","2014","I","NYC","","","","","","","","","","","","","",""
"790","Two Sigma Ventures","$150","11/18/2014","2014","II","NYC","","","","","","","","","","","","","",""
"791","Indicator Ventues","$16","11/12/2014","2014","I","Boston, NYC, Bay Area","","","","","","","","","","","","","",""
"792","Common Angels","$27","","2014","IV","Boston","http://www.xconomy.com/boston/2014/10/14/commonangels-ventures-closes-26-5m-fund-in-shifting-vc-landscape/","","","","","","","","","","","","",""
"793","Ludlow Ventures","$15","","2014","I","Detroit","","","","","","","","","","","","","",""
"794","Akkadian Ventures","$75","","2014","III","Bay Area","","","","","","","","","","","","","",""
"795","Peak Ventures","$23","","2014","I","Utah","http://venturebeat.com/2014/09/08/peak-ventures-launches-23-million-venture-capital-fund-for-tech-startups/","","","","","","","","","","","","",""
"796","Founder Circle","$195","","2014","I","Bay Area","","","","","","","","","","","","","",""
"797","Version One Ventures","$35","","2014","II","Vancover, Canada","","","","","","","","","","","","","",""
"798","Carmel Ventures","$194","","2014","IV","Israel","","","","","","","","","","","","","",""
"799","OS Fund","$100","","2014","I","DC","","","","","","","","","","","","","",""
"800","Shenzhen Co-Win Venture Capital","$75","","2014","I","China","","","","","","","","","","","","","",""
"801","Causeway Media Partners","$125.6","","2014","I","Boston","","","","","","","","","","","","","",""
"802","Forbion Capital Partners","$116","","2014","","Netherlands","","","","","","","","","","","","","",""
"803","Industry Ventures","$170","","2014","","Bay Area","","","","","","","","","","","","","",""
"804","Magma","$150","","2014","IV","Israel","http://blogs.wsj.com/digits/2014/09/29/israeli-vc-firm-behind-apps-sold-to-google-facebook-raises-150-mln-fund/","","","","","","","","","","","","",""
"805","Craftsman Capital Partners","$40","","2014","I","Dallas, Texas","","","","","","","","","","","","","",""
"806","Draper Nexus","$29.3","","2014","II","Tokyo, Bay Area","","","","","","","","","","","","","",""
"807","Mosaic Ventures","$140","","2014","I","London","http://www.mosaicventures.com/","","","","","","","","","","","","",""
"808","Aglaia Oncology Fund","$65","","2014","II","Netherlands","","","","","","","","","","","","","",""
"809","Nova Founders Capital","$50","","2014","I","Hong Kong","","","","","","","","","","","","","",""
"810","Altos Ventures","$60","","2014","I","Bay Area, Korea","http://fortune.com/2014/09/18/exclusive-silicon-valley-vc-firm-bets-big-on-korea/","","","","","","","","","","","","",""
"811","Frontline Ventures ","$50","","2014","I","Ireland "," http://www.frontline.vc/blog/frontline-raises-e40m-maiden-fund/","","","","","","","","","","","","",""
"812","DN Capital","$200","","2014","III","London and Bay Area","http://techcrunch.com/2014/09/02/dn-capital-raises-200m-for-3rd-european-fund-as-euro-tech-resurges/","","","","","","","","","","","","",""
"813","Ribbit Capital","$125","","2014","II","Bay Area","http://www.sec.gov/Archives/edgar/data/1603636/000160363614000002/xslFormDX01/primary_doc.xml","","","","","","","","","","","","",""
"814","Felicis Ventures","$94","","2014","IV","Bay Area","http://venturebeat.com/2014/08/05/felicis-ventures-closes-new-96m-fund-vows-to-always-vote-with-founders-in-board-decisions/","","","","","","","","","","","","",""
"815","Binary","$125","","2014","I","Bay Area","http://dealbook.nytimes.com/2014/07/28/new-venture-fund-binary-capital-focuses-on-mission-not-just-metrics/?_php=true&_type=blogs&_r=0","","","","","","","","","","","","",""
"816","Line (JV with Collaborative Fund)","$10","","2014","I","NYC","JV with Collaborative Fund - http://dealbook.nytimes.com/2014/07/18/line-of-japan-teams-with-new-york-venture-fund-to-make-investments/?_php=true&_type=blogs&_r=0","","","","","","","","","","","","",""
"817","Sherpa","$154","","2014","I","Bay Area","http://www.forbes.com/sites/alexkonrad/2014/07/17/sherpa-ventures-closes-fund-to-find-next-uber/","","","","","","","","","","","","",""
"818","NextView Ventures","$40","","2014","II","Boston, NYC","http://robgo.org/2014/07/17/announcing-nextview-ventures-ii/","","","","","","","","","","","","",""
"819","Seedcamp","$28","","2014","III","London","http://techcrunch.com/2014/07/15/seedcamps-3rd-fund-hits-first-close-of-28m-to-scale-startups-globally/","","","","","","","","","","","","",""
"820","Santander","$100","","2014","I","London","http://startups.co.uk/santander-to-launch-100m-fintech-fund/","","","","","","","","","","","","",""
"821","Upside Partnership","$30","","2014","I","Bay Area","http://techcrunch.com/2014/07/10/kent-goldman-upside-partnership/","","","","","","","","","","","","",""
"822","137 Ventures ","$137","","2014","II","Bay Area","http://techcrunch.com/2014/07/09/137-ventures-fund-ii/","","","","","","","","","","","","",""
"823","Procyon Ventures","$10","7/1/2014","2014","I","Boston","","","","","","","","","","","","","",""
"824","Susa Ventures","$25","","2014","I","Los Angeles, Bay Area, NYC","http://techcrunch.com/2014/06/30/susa-ventures-fund/","","","","","","","","","","","","",""
"825","SoftTechVC","$85","","2014","IV","Bay Area","http://www.prweb.com/releases/SoftTechvc/FundIV/prweb11978828.htm","","","","","","","","","","","","",""
"826","Danhua Capital","$91.2","","2014","I","Bay Area","http://venturebeat.com/2014/06/17/sec-form-reveals-a-new-stanford-vc-fund-is-raising-91-2m/","","","","","","","","","","","","",""
"827","Lerer Hippeau Ventures","$62","","2014","IV","NYC","http://www.pehub.com/2014/06/digital-media-focused-lerer-closing-in-on-fund-iv-vcj","","","","","","","","","","","","",""
"828","Greycroft Growth","$200","","2014","I","NYC","http://www.pehub.com/2014/06/greycroft-grabs-200-mln-for-growth-fund/","","","","","","","","","","","","",""
"829","Bull City Venture Partners","$26","","2014","I","Durham, North Carolina","http://www.thestate.com/2014/06/16/3511172/durham-venture-capital-firm-raises.html","","","","","","","","","","","","",""
"830","Romulus Capital","$50","","2014","I","Boston","http://bostinno.streetwise.co/2014/06/04/romulus-capital-fund-26-year-old-mit-alum-raises-50-million-for-his-own-venture-firm/","","","","","","","","","","","","",""
"831","Lowercase","$40","","2014","III","Los Angeles","http://techcrunch.com/2014/06/10/lowercase-capital-is-raising-a-new-25m-fund/","","","","","","","","","","","","",""
"832","Valar","$32","5/22/2014","2014","I","NYC","","","","","","","","","","","","","",""
"833","BlueRun Ventures","$140","5/30/2014","2014","V","Bay Area","","","","","","","","","","","","","",""
"834","Lightstone Ventures","$172","","2014","I","Bay Area","http://www.xconomy.com/boston/2014/05/01/lightstone-closes-172m-fund-for-early-stage-biotechs/","","","","","","","","","","","","",""
"835","Merus Capital","$43","","2014","II","Bay Area","http://blogs.wsj.com/venturecapital/2014/04/23/merus-capital-closes-second-fund-raises-special-fund-to-back-adroll/?mod=WSJBlog","","","","","","","","","","","","",""
"836","Fuel Capital","$25.3","","2014","I","Bay Area","per SEC filing","","","","","","","","","","","","",""
"837","MHS Capital","$75","","2014","II","Bay Area","http://finance.fortune.cnn.com/2014/04/16/exclusive-mhs-capital-almost-done-raising-new-fund/","","","","","","","","","","","","",""
"838","Crystal Tech Fund","$50","","2014","I","Washington D.C.","http://www.washingtonpost.com/business/on-small-business/500-startups-singh-launches-venture-fund-in-crystal-city-targets-post-seed-firms/2014/04/09/a3787e00-c010-11e3-b574-f8748871856a_story.html","","","","","","","","","","","","",""
"839","Real Ventures","$50","","2014","III","Montreal, Canada","targeting $100M http://www.techvibes.com/blog/real-ventures-closes-50-million-of-newest-fund-2014-04-14","","","","","","","","","","","","",""
"840","Pejman Mar Ventures","$40","","2014","I","Bay Area","http://tech.fortune.cnn.com/2014/04/03/veteran-angel-raises-new-40-million-venture-fund/","","","","","","","","","","","","",""
"841","Rise Capital","$100","","2014","I","Bay Area","http://blogs.wsj.com/venturecapital/2014/03/31/rise-capital-raising-100m-maiden-fund-for-startups-in-emerging-markets/","","","","","","","","","","","","",""
"842","Alsop Louie","$100","","2014","III","Bay Area","http://www.sec.gov/Archives/edgar/data/1584654/000158465414000001/xslFormDX01/primary_doc.xml","","","","","","","","","","","","",""
"843","Expa","$50","","2014","I","Bay Area","http://techcrunch.com/2014/03/14/expa-50-million/","","","","","","","","","","","","",""
"844","Metamorphic Ventures","$70","","2014","II ","NYC","http://www.metamorphic.vc/metamorphic-ventures-closes-second-fund-just-shy-of-70-million/","","","","","","","","","","","","",""
"845","Data Collective","$125","","2014","III","Bay Area","http://techcrunch.com/2014/03/31/with-a-focus-on-big-data-startups-data-collective-redefines-thematic-investing-and-debuts-its-third-fund/?fb_action_ids=10152365944314810&fb_action_types=og.likes","","","","","","","","","","","","",""
"846","Lemnos Labs","$20","","2014","I","Bay Area","http://techcrunch.com/2014/03/26/lemnos-labs-20m/","","","","","","","","","","","","",""
"847","Maiden Lane","$20","","2014","I","Bay Area","http://finance.fortune.cnn.com/2014/03/13/maiden-lane-angellist-syndicates/","","","","","","","","","","","","",""
"848","BoldStart Ventures","$16.9","","2014","II","NYC","per SEC filing","","","","","","","","","","","","",""
"849","Alpha Ventures Partnes","$10","","2014","I","NYC","$10M first close, $20M target","","","","","","","","","","","","",""
"850","Deep Fork Capital","$30","2/2014","2014","II","Bay Area, NYC","http://www.sec.gov/Archives/edgar/data/1600651/000160065014000001/xslFormDX01/primary_doc.xml","","","","","","","","","","","","",""
"851","MuckerLab","$20","","2014","I","Los Angeles","http://techcrunch.com/2014/02/13/muckerlab-launches-new-20-million-seed-fund/?ncid=twittersocialshare","","","","","","","","","","","","",""
"852","Vayner/RSE","$25","","2014","I","NYC"," http://recode.net/2014/02/12/gary-vaynerchuk-launches-new-25-million-seed-fund/","","","","","","","","","","","","",""
"853","Collaborative Fund","$33","","2014","II","NYC, Bay Area","http://techcrunch.com/2014/02/26/collaborative-fund-33m-jay-kim/","","","","","","","","","","","","",""
"854","Capital Partners","$51","","2014","I","Bay Area","sole GP, Ronny Conway (son of Ron Conway) - http://techcrunch.com/2014/02/14/ronny-conway-closes-his-over-51-million-early-stage-fund/","","","","","","","","","","","","",""
"855","Kaszek Ventures","$135","","2014","II","Argentina and Brazil","http://dealbook.nytimes.com/2014/02/07/latin-america-venture-capital-fund-raises-new-135-million-fund/?_php=true&_type=blogs&smid=tw-dealbook&seid=auto&_r=0","","","","","","","","","","","","",""
"856","IDG","$65","","2014","III","Bay Area","http://www.vcpost.com/articles/21791/20140221/san-franciscos-idg-ventures-raising-100m-for-third-fund.htm","","","","","","","","","","","","",""
"857","Arthur Ventures","$65.0","1/1/2014","2014","II","US (Minneapolis and North Dakota)"," ","","","","","","","","","","","","",""
"858","Brooklyn Bridge Ventures","$8.3","","2014","I","NYC"," ","","","","","","","","","","","","",""
"859","ff VC","$52","","2014","III","NYC","","","","","","","","","","","","","",""
"860","Inventus Capital Partners","$106","","2014","II","India, US","","","","","","","","","","","","","",""
"861","Resolute Ventures","$50","1/1/2014","2014","II","Boston, Bay Area","","","","","","","","","","","","","",""
"862","Stage One Venture Capital","$65","1/2/2014","2014","II","Israel","","","","","","","","","","","","","",""
"863","Union Square Ventures","$200","","2014","IV","NYC","unconfirmed - per Fortune article","","","","","","","","","","","","",""
"864","Union Square Ventures Opportunity","$150","","2014","II","NYC","unconfirmed - per Fortune article","","","","","","","","","","","","",""
"865","ENIAC Ventures","$12.9","","2013","II","NYC","","","","","","","","","","","","","",""
"866","Javelin Venture Partners","$125","","2013","III","Bay Area","investrs across the country, strong ties to NY and Boston","","","","","","","","","","","","",""
"867","Amplify.LA","$8.1","","2013","II","Los Angeles","","","","","","","","","","","","","",""
"868","Freestyle","$40","","2013","II","Bay Area","","","","","","","","","","","","","",""
"869","Noro-Moseley Partners","$47","","2013","VII","Virginia","","","","","","","","","","","","","",""
"870","Canvas Fund","$175","","2013","I","Bay Area","was previously Morgenthaler Ventures","","","","","","","","","","","","",""
"871","Revolution Ventures","$200","","2013","I","Washington D.C.","","","","","","","","","","","","","",""
"872","Haywire","","","2013","I","Bay Area","per blog post by Semil Shah - http://blog.semilshah.com/2013/09/07/making-an-addition-to-my-twitter-bio-investor/","","","","","","","","","","","","",""
"873","Initialized Capital","$39","","2013","II","Bay Area","per SEC filing","","","","","","","","","","","","",""
"874","YL Ventures","$27.5","","2013","II","Israel","","","","","","","","","","","","","",""
"875","Homebrew Ventures","$35","","2013","I","Bay Area","http://finance.fortune.cnn.com/2013/07/02/exclusive-homebrew-closes-debut-fund/","","","","","","","","","","","","",""
"876","Wing Venture Partners","$111","","2013","I","Bay Area","","","","","","","","","","","","","",""
"877","Earlybird Ventures","$200","","2013","IV","Germany","","","","","","","","","","","","","",""
"878","Scout Ventures","$4.3","","2013","I","NYC","http://pando.com/2014/05/21/liveoak-venture-partners-raises-a-109m-fund-deepens-austins-early-stage-capital-pool/","","","","","","","","","","","","",""
"879","Chicago Ventures","$40","","2013","II","Chicago","","","","","","","","","","","","","",""
"880","Bloomberg Beta","$75","","2013","I","Bay Area and NYC","","","","","","","","","","","","","",""
"881","Causeway Media Partners","$80","","2013","I","Boston","sports media realted investments","","","","","","","","","","","","",""
"882","Aleph","$120","","2013","I","Israel","","","","","","","","","","","","","",""
"883","Upfront","$200","","2013","IV","LA","fka GRP","","","","","","","","","","","","",""
"884","Red Sea Ventures","$30","","2013","I","NYC","http://www.redseaventurepartners.com/","","","","","","","","","","","","",""
"885","InverSur Capital","$30","","2013","I","Chile","","","","","","","","","","","","","",""
"886","Bowery Capital","$33","","2013","I","NYC","","","","","","","","","","","","","",""
"887","Pelion Venture Partners","$194","","2013","V","Salt Lake City","","","","","","","","","","","","","",""
"888","EIS Angel Co-Investment","$7.5","","2013","II","London","affliated with DFJ Esprit","","","","","","","","","","","","",""
"889","BoldStart Ventures","$20","","2013","I","NYC","","","","","","","","","","","","","",""
"890","Blackbird Ventures","$25","","2013","I","Australia","Targeting $30M","","","","","","","","","","","","",""
"891","Kickstart Seed Fund","$26","","2013","II","Utah","focusing on early stage investments in Utah","","","","","","","","","","","","",""
"892","Karlani Capital","$30","","2013","I","NYC","data provided by the firm","","","","","","","","","","","","",""
"893","Westly Group","$160","","2013","II","Bay Area","http://gigaom.com/2013/03/19/westly-group-raises-a-160m-gasp-cleantech-fund/","","","","","","","","","","","","",""
"894","Velos Capital","$15","","2013","I","Los Angeles","according to Fortune, they are having a 1st close soon","","","","","","","","","","","","",""
"895","Point Nine Capital","$54","","2013","II","Berlin, Germany","http://thenextweb.com/insider/2013/02/13/germanys-point-nine-capital-raises-a-new-54m-early-stage-fund/","","","","","","","","","","","","",""
"896","Work-Bench Ventures","$10","","2013","I","NYC","http://pando.com/2013/12/03/work-bench-announces-10-million-fund-to-back-enterprise-startups/","","","","","","","","","","","","",""
"897","WindSail Capital","$20.4","","2013","I","Boston","clean energy focus","","","","","","","","","","","","",""
"898","Hoxton Ventures","$40","","2013","I","London","http://thenextweb.com/insider/2013/12/04/londons-hoxton-ventures-raises-40m-fund-early-stage-european-startups/","","","","","","","","","","","","",""
"899","Forerunner Ventures","$55.5","","2013","II","Bay Area","","","","","","","","","","","","","",""
"900","Illuminate","$20","","2013","I","Bay Area","http://launch.co/story/women-led-vc-firm-illuminatevc-raises-20m-fund-to-invest-in-early","","","","","","","","","","","","",""
"901","PivotNorth Capital","$35","","2013","II","Bay Area","","","","","","","","","","","","","",""
"902","LionBird","$20","","2013","I","Tel Aviv","","","","","","","","","","","","","",""
"903","500 Startups","$44","","2013","II","Bay Area HQ","","","","","","","","","","","","","",""
"904","Ludlow Ventures","$15","","2013","I","Detroit","Targeting $15M, not clear how much they have raised so far","","","","","","","","","","","","",""
"905","Amplify Partners","$40","","2013","I","Cambridge, MA","Looks like the target is $40M, unclear how much they have raised to date","","","","","","","","","","","","",""
"906","Ribbit Capital","$100","","2013","I","Palo Alto","focused on financial service sector","","","","","","","","","","","","",""
"907","LiveOak Ventures Partners","$109","","2013","I","Austin, Texas","","","","","","","","","","","","","",""
"908","Raptor Ventures","$32","","2012","I","NYC","First close, targeting $75M","","","","","","","","","","","","",""
"909","Tribeca Venture Partners","$64","","2012","I","NYC","First close, targeting $100M","","","","","","","","","","","","",""
"910","Founder Collective","$70","","2012","II","Cambridge, NYC","","","","","","","","","","","","","",""
"911","Thrive","$150","","2012","III","NYC","","","","","","","","","","","","","",""
"912","Data Collective","$10","","2012","I","Bay Area","per GigaOm article","","","","","","","","","","","","",""
"913","SV Angel","$40","","2012","IV","Bay Area","","","","","","","","","","","","","",""
"914","Kibo Ventures","$60","","2012","I","Madrid, Spain","","","","","","","","","","","","","",""
"915","Bee Partners","$5","","2012","I","Bay Area","","","","","","","","","","","","","",""
"916","Version One Ventures","$15","","2012","I","Vancover, Canada","","","","","","","","","","","","","",""
"917","Dundee Venture Capital","$15","","2012","II","Omaha, Nebraska, USA","","","","","","","","","","","","","",""
"918","Cowboy Ventures","$36","","2012","I","Bay Area","Targeting $40M","","","","","","","","","","","","",""
"919","K9 Ventures","$40","","2012","II","Bay Area","","","","","","","","","","","","","",""
"920","Forerunner Ventures","$40","","2012","I","Bay Area","","","","","","","","","","","","","",""
"921","Floodgate","$75","","2012","IV","Bay Area","","","","","","","","","","","","","",""
"922","Mercato Partners","$115","","2012","II","Salt Lake City","","","","","","","","","","","","","",""
"923","Bullpen","$25","","2012","III","Bay Area","Targeting $35M","","","","","","","","","","","","",""
"924","Felicis Ventures","$70","","2012","III","Bay Area","","","","","","","","","","","","","",""
"925","Merus Capital","$20","","2012","II","Bay Area","Targeting $100M","","","","","","","","","","","","",""
"926","Connect Ventures","$21","","2012","I","London","First close, targeting $57M","","","","","","","","","","","","",""
"927","Vegas Tech Fund","$50","","2012","I","Las Vegas, Nevada","","","","","","","","","","","","","",""
"928","First Round Capital","$135","","2012","IV","Bay Area, NYC, Philly","","","","","","","","","","","","","",""
"929","PowerFund","$28","","2012","II","Boulder, Colorado","David Cohen's Fund (of Techstars)","","","","","","","","","","","","",""
"930","Okapi Ventures","$20","","2012","II","Los Angeles","","","","","","","","","","","","","",""
"931","Core Innovation Capital","$45","","2012","I","NYC","","","","","","","","","","","","","",""
"932","Learn Capital","$50","","2012","I","Bay Area","","","","","","","","","","","","","",""
"933","Emergent Medical Partners","$55","","2012","I","Bay Area","life science fund","","","","","","","","","","","","",""
"934","BBVA Ventures","$100","","2012","I","Madrin, Spain and San Francisco","fintech focused - venture are of BBVA a global bank","","","","","","","","","","","","",""
"935","Relay Ventures","$150","","2012","VIII","Bay Area and Toronto","","","","","","","","","","","","","",""
"936","OpenView","$200","","2012","III","Boston","Growth stage fund","","","","","","","","","","","","",""
"937","Initialized Capital","$7","","2012","I","Bay Area","","","","","","","","","","","","","",""
"938","NextView Ventures","$21","","2012","I","Boston, NYC","","","","","","","","","","","","","",""
"939","IA Ventures","$105","","2012","III","NYC","","","","","","","","","","","","","",""
"940","Nya Ventures","$4.5","","2012","I","Seattle, USA / India","First close, targeting $50M","","","","","","","","","","","","",""
"941","MentorTech Ventures","$24","","2012","III","Philadelphia, PA, USA","","","","","","","","","","","","","",""
"942","Costanoa Venture Capital","$100","","2012","I","Bay Area","","","","","","","","","","","","","",""
"943","iNovia Capital","$110","","2012","III","Montreal, Canada","","","","","","","","","","","","","",""
"944",".406 Ventures","$175","","2012","II","Boston","","","","","","","","","","","","","",""
"945","OATV","$85","","2012","III","Bay Area, Utah","","","","","","","","","","","","","",""
"946","Greycroft","$175","","2012","III","NYC, LA","","","","","","","","","","","","","",""
"947","MESA+","$10","","2012","I","NYC","","","","","","","","","","","","","",""
"948","Lerer Ventures","$35","","2012","III","NYC","","","","","","","","","","","","","",""
"949","SoftTechVC","$55","","2012","III","Bay Area","","","","","","","","","","","","","",""
"950","Correlation Ventures","$165","","2012","I","San Diego, CA","","","","","","","","","","","","","",""
"951","I2A","$12","","2012","I","Chicago","Targeting $40M","","","","","","","","","","","","",""
"952","Crunchfund","$20","","2011","I","Bay Area","","","","","","","","","","","","","",""
"953","Freestyle","$27","","2011","I","Bay Area","","","","","","","","","","","","","",""
"954","Union Square Ventures","$200","","2011","III","NYC","","","","","","","","","","","","","",""
"955","Golden Ventures Partners","$15","","2011","I","Toronto, Canada","","","","","","","","","","","","","",""
"956","PivotNorth Capital","$35","","2011","I","Bay Area","","","","","","","","","","","","","",""
"957","Passion Capital","$60","","2011","I","London","","","","","","","","","","","","","",""
"958","Founders Co-Op","$7.5","","2011","II","Seattle, USA","","","","","","","","","","","","","",""
"959","212 Ventures","$30","","2011","I","Istanbul, Turkey","","","","","","","","","","","","","",""
"960","ff VC","$27","","2011","III","NYC","","","","","","","","","","","","","",""
"961","500 Startups","$29","","2011","I","Bay Area, NYC, Mexico, Brazil, India","","","","","","","","","","","","","",""
"962","Resolute Ventures","$25","1/1/2011","2011","I","Boston, Bay Area","","","","","","","","","","","","","",""
"963","Sierra Ventures","$200","","2011","X","Bay Area","","","","","","","","","","","","","",""
"","Average (in Millions USD)","$82.58","","","","","","","","","","","","","","","","","",""
"","Median (in Millions USD)","$60.00","","","","","","","","","","","","","","","","","",""
"","Total amount of capital of all the funds combined","$79,113.35","","","","","","","","","","","","","","","","","",""
"","year raised","","","","median fund size (M)","","","","","","","","","","","","","","",""
"","2011","$676","","$56","$28","","","","","","","","","","","","","","",""
"","2012","$2,820","","$64","$29","","","","","","","","","","","","","","",""
"","2013","$2,673","","$62","$40","","","","","","","","","","","","","","",""
"","2014","$6,323","","$75","$52","","","","","","","","","","","","","","",""
"","2015","$4,562","","$79","$60","","","","","","","","","","","","","","",""
"","2016","$7,205","","$89","$75","","","","","","","","","","","","","","",""
"","2017","$11,642","","$82","$70","","","","","","","","","","","","","","",""
"","2018","$5,949","","$74","$55","","","","","","","","","","","","","","",""
"","2019","$3,693","","$82","$56","","","","","","","","","","","","","","",""
"","2020","$3,014","","$74","$59","","","","","","","","","","","","","","",""