Full Name,Title,Diversity Flag,Firm,Type,Location,Crunchbase URL,LinkedIn URL
Maria Cirino,Co-Founder and Managing Partner,Female,[object Object],"{""valuesByForeignRowId"":{""recISFq5snVpr01cS"":[""Venture Capital""]},""foreignRowIdOrder"":[""recISFq5snVpr01cS""]}","Boston, MA",https://www.crunchbase.com/person/maria-cirino,http://www.linkedin.com/pub/maria-cirino/3/642/48a
April Underwood,Angel,Female,[object Object],"{""valuesByForeignRowId"":{""recWiOyteQD8pXh5k"":[""Angel Network""]},""foreignRowIdOrder"":[""recWiOyteQD8pXh5k""]}","San Francisco, CA",https://www.crunchbase.com/person/april-underwood,http://www.linkedin.com/in/aprilunderwood
Jana Messerschmidt,Angel,Female,[object Object],"{""valuesByForeignRowId"":{""recWiOyteQD8pXh5k"":[""Angel Network""]},""foreignRowIdOrder"":[""recWiOyteQD8pXh5k""]}","San Francisco, CA",https://www.crunchbase.com/person/jana-messerschmidt,https://www.linkedin.com/in/janamesserschmidt
Katie Stanton,Angel,Female,[object Object],"{""valuesByForeignRowId"":{""recWiOyteQD8pXh5k"":[""Angel Network""]},""foreignRowIdOrder"":[""recWiOyteQD8pXh5k""]}","San Francisco, CA",https://www.crunchbase.com/person/katie-jacobs-stanton,https://www.linkedin.com/in/katiestanton
Monique Woodard,Angel,"PoC, Female",[object Object],"{""valuesByForeignRowId"":{""recWiOyteQD8pXh5k"":[""Angel Network""]},""foreignRowIdOrder"":[""recWiOyteQD8pXh5k""]}","San Francisco, CA",https://www.crunchbase.com/person/monique-woodard,http://www.linkedin.com/in/moniquewoodard
Vijaya Gadde,Angel,Female,[object Object],"{""valuesByForeignRowId"":{""recWiOyteQD8pXh5k"":[""Angel Network""]},""foreignRowIdOrder"":[""recWiOyteQD8pXh5k""]}","San Francisco, CA",https://www.crunchbase.com/person/vijaya-gadde,http://www.linkedin.com/pub/vijaya-gadde/5/4a7/286
Chloe Sladden,Angel,Female,"[object Object], [object Object]","{""valuesByForeignRowId"":{""recyRZPDyRts2G9fs"":[""Angel Network""],""recWiOyteQD8pXh5k"":[""Angel Network""]},""foreignRowIdOrder"":[""recyRZPDyRts2G9fs"",""recWiOyteQD8pXh5k""]}","San Francisco, CA",https://www.crunchbase.com/person/chloe-sladden,https://www.linkedin.com/in/chloesladden
Jin-Young Kim,Partner,Female,[object Object],"{""valuesByForeignRowId"":{""recZIjQZBkmcOs5v8"":[""Venture Capital""]},""foreignRowIdOrder"":[""recZIjQZBkmcOs5v8""]}","San Francisco, CA",https://www.crunchbase.com/person/jin-young-kim,http://www.linkedin.com/in/jinyoungsarah
Kimmy Scotti,Partner,Female,[object Object],"{""valuesByForeignRowId"":{""recZIjQZBkmcOs5v8"":[""Venture Capital""]},""foreignRowIdOrder"":[""recZIjQZBkmcOs5v8""]}","New York, NY",https://www.crunchbase.com/person/kimmy-scotti,https://www.linkedin.com/in/kimmyscotti/
Tracy Gray,Founder & Managing Partner,"PoC, Female",[object Object],"{""valuesByForeignRowId"":{""recm6Xm0ds4IYAUoM"":[""Venture Capital""]},""foreignRowIdOrder"":[""recm6Xm0ds4IYAUoM""]}","Los Angeles, CA",https://www.crunchbase.com/person/tracy-gray-2,https://www.linkedin.com/in/tracydgray/
William Crowder,Partner,PoC,[object Object],"{""valuesByForeignRowId"":{""rec6jnUHkUMLVw7Ni"":[""Venture Capital""]},""foreignRowIdOrder"":[""rec6jnUHkUMLVw7Ni""]}","Philadelphia, PA",https://www.crunchbase.com/person/william-crowder,http://www.linkedin.com/in/williamcrowder
Elizabeth Weil,Managing Director,Female,[object Object],"{""valuesByForeignRowId"":{""reczY7yAgYfMByxLH"":[""Venture Capital""]},""foreignRowIdOrder"":[""reczY7yAgYfMByxLH""]}","San Francisco, CA",https://www.crunchbase.com/organization/137-ventures,https://www.linkedin.com/company/137-ventures/
Christine Tsai,Managing Partner,Female,[object Object],"{""valuesByForeignRowId"":{""reclxsDhixxuWL47C"":[""Accelerator"",""Venture Capital""]},""foreignRowIdOrder"":[""reclxsDhixxuWL47C""]}","San Francisco, CA",https://www.crunchbase.com/person/christine-tsai,https://www.linkedin.com/in/christinesltsai
Aaron Holiday,Cofounder & General Partner,PoC,[object Object],"{""valuesByForeignRowId"":{""reczTIdqEtbOKgjSQ"":[""Venture Capital""]},""foreignRowIdOrder"":[""reczTIdqEtbOKgjSQ""]}","New York, NY",https://www.crunchbase.com/person/aaron-holiday,http://www.linkedin.com/in/aholidayiii
Nnamdi Okike,Cofounder & General Partner,PoC,[object Object],"{""valuesByForeignRowId"":{""reczTIdqEtbOKgjSQ"":[""Venture Capital""]},""foreignRowIdOrder"":[""reczTIdqEtbOKgjSQ""]}","New York, NY",https://www.crunchbase.com/person/nnamdi-okike,http://www.linkedin.com/in/nnamdiokike
Carrie Farrell,Partner,Female,[object Object],"{""valuesByForeignRowId"":{""recnvatfcj1YGdu37"":[""Venture Capital""]},""foreignRowIdOrder"":[""recnvatfcj1YGdu37""]}","San Francisco, CA",https://www.crunchbase.com/person/carrie-farrell,https://www.linkedin.com/in/carfar
Cynthia Kueppers,Head of Venture Capital,Female,[object Object],"{""valuesByForeignRowId"":{""rec5ul1RnxcxGJVRR"":[""Venture Capital""]},""foreignRowIdOrder"":[""rec5ul1RnxcxGJVRR""]}","New York, NY",https://www.crunchbase.com/person/cynthia-kueppers,https://www.linkedin.com/in/cynthia-kueppers-797381
Margarita Chavez,Managing Director,Female,[object Object],"{""valuesByForeignRowId"":{""recSBxEQAt7VJ7ehd"":[""Venture Capital""]},""foreignRowIdOrder"":[""recSBxEQAt7VJ7ehd""]}","North Chicago, IL",https://www.crunchbase.com/person/margarita-chavez,https://www.linkedin.com/in/margarita-chavez-9422a/
Stephanie Carter,General Partner,Female,[object Object],"{""valuesByForeignRowId"":{""recEJaeJtkyE49UBS"":[""Venture Capital""]},""foreignRowIdOrder"":[""recEJaeJtkyE49UBS""]}","Baltimore, MD",https://www.crunchbase.com/person/stephanie-carter,http://www.linkedin.com/in/stephaniecarterabscapital
Jordan Gaspar,Co-Founder,Female,[object Object],"{""valuesByForeignRowId"":{""recUDBGIPOTSD2WMO"":[""Venture Capital""]},""foreignRowIdOrder"":[""recUDBGIPOTSD2WMO""]}","New York, NY",https://www.crunchbase.com/person/jordan-gaspar,https://www.linkedin.com/in/jordan-gaspar-53192445/
Lauren Jupiter,Co-Founder,Female,[object Object],"{""valuesByForeignRowId"":{""recUDBGIPOTSD2WMO"":[""Venture Capital""]},""foreignRowIdOrder"":[""recUDBGIPOTSD2WMO""]}","New York, NY",https://www.crunchbase.com/person/lauren-jupiter,https://www.linkedin.com/in/lauren-alexander-jupiter-0165a415/
Cack Wilhelm,Partner,Female,[object Object],"{""valuesByForeignRowId"":{""rec0tyBhlDcLAv3nV"":[""Venture Capital""]},""foreignRowIdOrder"":[""rec0tyBhlDcLAv3nV""]}","San Francisco, CA",https://www.crunchbase.com/person/cack-wilhelm,https://www.linkedin.com/in/cackferrell/
Sarah Downey,"Principal, Angel","Female, LGBTQ",[object Object],"{""valuesByForeignRowId"":{""rec0tyBhlDcLAv3nV"":[""Venture Capital""]},""foreignRowIdOrder"":[""rec0tyBhlDcLAv3nV""]}","Boston, MA",https://www.crunchbase.com/person/sarah-downey#section-overview,https://www.linkedin.com/in/sarahadowney/
Courtney Robinson,Partner,Female,[object Object],"{""valuesByForeignRowId"":{""rec6SzBFiWmFII40v"":[""Venture Capital""]},""foreignRowIdOrder"":[""rec6SzBFiWmFII40v""]}","New York, NY",https://www.crunchbase.com/person/courtney-robinson,https://www.linkedin.com/in/courtrob/
David Ibnale,Founding & Managing Partner,PoC,[object Object],"{""valuesByForeignRowId"":{""rec6SzBFiWmFII40v"":[""Venture Capital""]},""foreignRowIdOrder"":[""rec6SzBFiWmFII40v""]}","San Francisco, CA",https://www.crunchbase.com/person/david-ibnale,https://www.linkedin.com/in/david-t-ibnale/
Shari Redstone,Co-Founder & Managing Partner,Female,[object Object],"{""valuesByForeignRowId"":{""recYTVFRa4Po4DtNJ"":[""Venture Capital""]},""foreignRowIdOrder"":[""recYTVFRa4Po4DtNJ""]}","Norwood, MA",https://www.crunchbase.com/person/shari-redstone,
Chinedu Enekwe,Managing Partner,PoC,[object Object],"{""valuesByForeignRowId"":{""recjilPTd14UpxUNo"":[""Venture Capital"",""Growth Equity""]},""foreignRowIdOrder"":[""recjilPTd14UpxUNo""]}","Washington, DC",,
Shuonan Chen,General Partner,Female,[object Object],"{""valuesByForeignRowId"":{""recGZ1OFWWOTivdOz"":[""Venture Capital""]},""foreignRowIdOrder"":[""recGZ1OFWWOTivdOz""]}","San Francisco, CA",https://www.crunchbase.com/person/shuonan-chen,
Jodi Jahic,Managing Partner,Female,[object Object],"{""valuesByForeignRowId"":{""recUVqH037q9F6hK5"":[""Venture Capital""]},""foreignRowIdOrder"":[""recUVqH037q9F6hK5""]}","San Francisco, CA",https://www.crunchbase.com/person/jodi-sherman-jahic,https://www.linkedin.com/in/jodijahic/
Susan Mason,Managing Partner,Female,[object Object],"{""valuesByForeignRowId"":{""recUVqH037q9F6hK5"":[""Venture Capital""]},""foreignRowIdOrder"":[""recUVqH037q9F6hK5""]}","San Francisco, CA",https://www.crunchbase.com/person/susan-mason,https://www.linkedin.com/in/susanmason47/
Zoe Feldman,Managing Director,Female,[object Object],"{""valuesByForeignRowId"":{""recOnwTr957wFaA9G"":[""Venture Capital""]},""foreignRowIdOrder"":[""recOnwTr957wFaA9G""]}","New York, NY",https://www.crunchbase.com/person/zoe-feldman,https://www.linkedin.com/in/zoe-feldman-394a606/
Claudia Iannazzo,Managing Partner & Co-Founder,Female,[object Object],"{""valuesByForeignRowId"":{""recyvLO8v9A5WzQOB"":[""Venture Capital""]},""foreignRowIdOrder"":[""recyvLO8v9A5WzQOB""]}","New York, NY",https://www.crunchbase.com/person/claudia-iannazzo,https://www.linkedin.com/in/claudiaiannazzo
Lemuel Amen,Managing Partner,PoC,[object Object],"{""valuesByForeignRowId"":{""reccYcVdsDzp7hP58"":[""Venture Capital""]},""foreignRowIdOrder"":[""reccYcVdsDzp7hP58""]}","Detroit, MI",https://www.crunchbase.com/person/lemuel-amen,https://www.linkedin.com/in/lemamen/
Dana Eli Lorch,Managing Director,Female,[object Object],"{""valuesByForeignRowId"":{""recY8Mgus3m3QnWtE"":[""Venture Capital""]},""foreignRowIdOrder"":[""recY8Mgus3m3QnWtE""]}","New York, NY",https://www.crunchbase.com/person/dana-lorch,https://www.linkedin.com/in/dana-eli-lorch-63139831/
Julia Huang,Managing Director,Female,[object Object],"{""valuesByForeignRowId"":{""recY8Mgus3m3QnWtE"":[""Venture Capital""]},""foreignRowIdOrder"":[""recY8Mgus3m3QnWtE""]}","New York, NY",https://www.crunchbase.com/person/julia-huang-3,https://www.linkedin.com/in/julia-huang-3aa71a2/
Lindsay Fitzgerald,Managing Director,Female,[object Object],"{""valuesByForeignRowId"":{""recY8Mgus3m3QnWtE"":[""Venture Capital""]},""foreignRowIdOrder"":[""recY8Mgus3m3QnWtE""]}","New York, NY",https://www.crunchbase.com/person/lindsay-fitzgerald,https://www.linkedin.com/in/lindsayfitzgerald/
Sue Xu,Partner,Female,[object Object],"{""valuesByForeignRowId"":{""rec5bXU1YeeL6rJDh"":[""Venture Capital""]},""foreignRowIdOrder"":[""rec5bXU1YeeL6rJDh""]}","San Francisco, CA",https://www.crunchbase.com/person/sue-xu,https://www.linkedin.com/in/suexu/
Angela Strange,General Partner,Female,[object Object],"{""valuesByForeignRowId"":{""recz502O6dMrS3QCw"":[""Venture Capital""]},""foreignRowIdOrder"":[""recz502O6dMrS3QCw""]}","San Francisco, CA",https://www.crunchbase.com/person/angela-strange,https://www.linkedin.com/in/angelastrange/
Connie Chan,General Partner,Female,[object Object],"{""valuesByForeignRowId"":{""recz502O6dMrS3QCw"":[""Venture Capital""]},""foreignRowIdOrder"":[""recz502O6dMrS3QCw""]}","San Francisco, CA",https://www.crunchbase.com/person/connie-chan-2,https://www.linkedin.com/in/conniechan/
Jorge Conde,General Partner,PoC,[object Object],"{""valuesByForeignRowId"":{""recz502O6dMrS3QCw"":[""Venture Capital""]},""foreignRowIdOrder"":[""recz502O6dMrS3QCw""]}","Menlo Park, CA",https://www.crunchbase.com/person/jorge-conde-2,https://www.linkedin.com/in/jorge-conde-4099225/
Katie Haun,General Partner,Female,[object Object],"{""valuesByForeignRowId"":{""recz502O6dMrS3QCw"":[""Venture Capital""]},""foreignRowIdOrder"":[""recz502O6dMrS3QCw""]}","San Francisco, CA",https://www.crunchbase.com/person/kathryn-haun,https://www.linkedin.com/in/kathryn-haun-0791456/
Amy Nauiokas,Managing Partner,Female,[object Object],"{""valuesByForeignRowId"":{""rec4UwamRjkRv33AR"":[""Venture Capital""]},""foreignRowIdOrder"":[""rec4UwamRjkRv33AR""]}","New York, NY",https://www.crunchbase.com/organization/anthemis-group,https://www.linkedin.com/in/amynauiokas/
Samantha Ghiotti,Partner,Female,[object Object],"{""valuesByForeignRowId"":{""rec4UwamRjkRv33AR"":[""Venture Capital""]},""foreignRowIdOrder"":[""rec4UwamRjkRv33AR""]}",,,
Jan Garfinkle,Founder & Managing Director,Female,[object Object],"{""valuesByForeignRowId"":{""recI2GQLhEKrU4oOu"":[""Venture Capital""]},""foreignRowIdOrder"":[""recI2GQLhEKrU4oOu""]}","Detroit, MI",https://www.crunchbase.com/person/jan-garfinkle,https://www.linkedin.com/in/jan-garfinkle-827330
Kristina Burow,Managing Director,Female,[object Object],"{""valuesByForeignRowId"":{""rec2Opld3O2eWp4wc"":[""Venture Capital""]},""foreignRowIdOrder"":[""rec2Opld3O2eWp4wc""]}","San Francisco, CA",https://www.crunchbase.com/person/kristina-burrow,http://www.linkedin.com/pub/kristina-burow/b/836/4a8
James Earl Brown III,Founder & General Partner,PoC,[object Object],"{""valuesByForeignRowId"":{""recg2D7RhH0OzgVTh"":[""Venture Capital""]},""foreignRowIdOrder"":[""recg2D7RhH0OzgVTh""]}","Austin, TX",https://www.crunchbase.com/person/james-earl-brown-iii,https://www.linkedin.com/in/james-earl-brown-iii-3a54162b/
Shruti Gandhi,Founder & Managing Partner,Female,[object Object],"{""valuesByForeignRowId"":{""rec5LK7Yg4UATHnxJ"":[""Venture Capital""]},""foreignRowIdOrder"":[""rec5LK7Yg4UATHnxJ""]}","San Francisco, CA",https://www.crunchbase.com/person/shruti-gandhi,http://www.linkedin.com/in/shrutigandhi
Tara Butler,Managing Director,Female,[object Object],"{""valuesByForeignRowId"":{""rec6HzlmtwRakSqsJ"":[""Venture Capital""]},""foreignRowIdOrder"":[""rec6HzlmtwRakSqsJ""]}","St Louis, MO",https://www.crunchbase.com/person/tara-butler,http://www.linkedin.com/pub/tara-butler/8/a89/644
Jennifer Fonstad,Co-founder & General Partner,Female,[object Object],"{""valuesByForeignRowId"":{""recVbUnfX5q7OCXDW"":[""Venture Capital""]},""foreignRowIdOrder"":[""recVbUnfX5q7OCXDW""]}","Atherton, CA",https://www.crunchbase.com/person/jennifer-scott-fonstad,http://www.linkedin.com/pub/jennifer-scott-fonstad/50/508/615
Lauren Kolodny,Partner,Female,[object Object],"{""valuesByForeignRowId"":{""recVbUnfX5q7OCXDW"":[""Venture Capital""]},""foreignRowIdOrder"":[""recVbUnfX5q7OCXDW""]}","San Francisco, CA",https://www.crunchbase.com/person/lauren-kolodny,https://www.linkedin.com/in/laurenkolodny
Theresia Gouw,Co-Founder & General Partner,Female,"[object Object], [object Object]","{""valuesByForeignRowId"":{""recyRZPDyRts2G9fs"":[""Angel Network""],""recVbUnfX5q7OCXDW"":[""Venture Capital""]},""foreignRowIdOrder"":[""recyRZPDyRts2G9fs"",""recVbUnfX5q7OCXDW""]}","San Francisco, CA",https://www.crunchbase.com/person/theresia-gouw,https://www.linkedin.com/in/theresiagouw
Andrea Zulberti,Angel,Female,[object Object],"{""valuesByForeignRowId"":{""recqNzSc0rJJcYK9Q"":[""Angel Network""]},""foreignRowIdOrder"":[""recqNzSc0rJJcYK9Q""]}","San Francisco, CA",https://www.crunchbase.com/person/andrea-zulberti,
Anna Ewing,Angel,Female,[object Object],"{""valuesByForeignRowId"":{""recqNzSc0rJJcYK9Q"":[""Angel Network""]},""foreignRowIdOrder"":[""recqNzSc0rJJcYK9Q""]}","San Francisco, CA",,
Arlene Harris,Angel,Female,[object Object],"{""valuesByForeignRowId"":{""recqNzSc0rJJcYK9Q"":[""Angel Network""]},""foreignRowIdOrder"":[""recqNzSc0rJJcYK9Q""]}","San Francisco, CA",,
Barbara Clarke,Angel,Female,[object Object],"{""valuesByForeignRowId"":{""recqNzSc0rJJcYK9Q"":[""Angel Network""]},""foreignRowIdOrder"":[""recqNzSc0rJJcYK9Q""]}","Boston, MA",https://www.crunchbase.com/person/barbara-clarke,
Christine Guo,Angel,Female,[object Object],"{""valuesByForeignRowId"":{""recqNzSc0rJJcYK9Q"":[""Angel Network""]},""foreignRowIdOrder"":[""recqNzSc0rJJcYK9Q""]}","San Francisco, CA",,
Corinne Nevinny,Angel,Female,[object Object],"{""valuesByForeignRowId"":{""recqNzSc0rJJcYK9Q"":[""Angel Network""]},""foreignRowIdOrder"":[""recqNzSc0rJJcYK9Q""]}","San Francisco, CA",,
Danielle Hughes,Angel,Female,[object Object],"{""valuesByForeignRowId"":{""recqNzSc0rJJcYK9Q"":[""Angel Network""]},""foreignRowIdOrder"":[""recqNzSc0rJJcYK9Q""]}","San Francisco, CA",,
Danielle Leone,Angel,Female,[object Object],"{""valuesByForeignRowId"":{""recqNzSc0rJJcYK9Q"":[""Angel Network""]},""foreignRowIdOrder"":[""recqNzSc0rJJcYK9Q""]}","San Francisco, CA",,
Dominique Valentiny,Angel,Female,[object Object],"{""valuesByForeignRowId"":{""recqNzSc0rJJcYK9Q"":[""Angel Network""]},""foreignRowIdOrder"":[""recqNzSc0rJJcYK9Q""]}","San Francisco, CA",,
Elizabeth Crowell,Angel,Female,[object Object],"{""valuesByForeignRowId"":{""recqNzSc0rJJcYK9Q"":[""Angel Network""]},""foreignRowIdOrder"":[""recqNzSc0rJJcYK9Q""]}","Brooklyn, NY",https://www.crunchbase.com/person/elizabeth-crowell,
Elizabeth Scharpf,Angel,Female,[object Object],"{""valuesByForeignRowId"":{""recqNzSc0rJJcYK9Q"":[""Angel Network""]},""foreignRowIdOrder"":[""recqNzSc0rJJcYK9Q""]}","San Francisco, CA",,
Janis Landry-Lane,Angel,Female,[object Object],"{""valuesByForeignRowId"":{""recqNzSc0rJJcYK9Q"":[""Angel Network""]},""foreignRowIdOrder"":[""recqNzSc0rJJcYK9Q""]}","San Francisco, CA",,
Jeanne Sullivan,Angel,Female,[object Object],"{""valuesByForeignRowId"":{""recqNzSc0rJJcYK9Q"":[""Angel Network""]},""foreignRowIdOrder"":[""recqNzSc0rJJcYK9Q""]}","San Francisco, CA",,
Jill Greenwald,Angel,Female,[object Object],"{""valuesByForeignRowId"":{""recqNzSc0rJJcYK9Q"":[""Angel Network""]},""foreignRowIdOrder"":[""recqNzSc0rJJcYK9Q""]}","San Francisco, CA",,
June Fallon Payne,Angel,Female,[object Object],"{""valuesByForeignRowId"":{""recqNzSc0rJJcYK9Q"":[""Angel Network""]},""foreignRowIdOrder"":[""recqNzSc0rJJcYK9Q""]}","San Francisco, CA",,
Karen Drexler,Angel,Female,[object Object],"{""valuesByForeignRowId"":{""recqNzSc0rJJcYK9Q"":[""Angel Network""]},""foreignRowIdOrder"":[""recqNzSc0rJJcYK9Q""]}","San Francisco, CA",https://www.crunchbase.com/person/karen-drexler,
Karen Rogge,Angel,Female,[object Object],"{""valuesByForeignRowId"":{""recqNzSc0rJJcYK9Q"":[""Angel Network""]},""foreignRowIdOrder"":[""recqNzSc0rJJcYK9Q""]}","San Francisco, CA",,
Kathy Parks,Angel,Female,[object Object],"{""valuesByForeignRowId"":{""recqNzSc0rJJcYK9Q"":[""Angel Network""]},""foreignRowIdOrder"":[""recqNzSc0rJJcYK9Q""]}","San Francisco, CA",,
Madalyn Friedman,Angel,Female,[object Object],"{""valuesByForeignRowId"":{""recqNzSc0rJJcYK9Q"":[""Angel Network""]},""foreignRowIdOrder"":[""recqNzSc0rJJcYK9Q""]}","San Francisco, CA",,
Margaret (Maggie) Kavalaris,Angel,Female,[object Object],"{""valuesByForeignRowId"":{""recqNzSc0rJJcYK9Q"":[""Angel Network""]},""foreignRowIdOrder"":[""recqNzSc0rJJcYK9Q""]}","San Francisco, CA",,
Maya Tussing,Angel,Female,[object Object],"{""valuesByForeignRowId"":{""recqNzSc0rJJcYK9Q"":[""Angel Network""]},""foreignRowIdOrder"":[""recqNzSc0rJJcYK9Q""]}","San Francisco, CA",,
Meganne Houghton-Berry,Angel,Female,[object Object],"{""valuesByForeignRowId"":{""recqNzSc0rJJcYK9Q"":[""Angel Network""]},""foreignRowIdOrder"":[""recqNzSc0rJJcYK9Q""]}","San Francisco, CA",,
Min Kim,Angel,Female,[object Object],"{""valuesByForeignRowId"":{""recqNzSc0rJJcYK9Q"":[""Angel Network""]},""foreignRowIdOrder"":[""recqNzSc0rJJcYK9Q""]}","San Francisco, CA",,
Raquel McLean,Angel,Female,[object Object],"{""valuesByForeignRowId"":{""recqNzSc0rJJcYK9Q"":[""Angel Network""]},""foreignRowIdOrder"":[""recqNzSc0rJJcYK9Q""]}","San Francisco, CA",,
Rose Wang,Angel,Female,[object Object],"{""valuesByForeignRowId"":{""recqNzSc0rJJcYK9Q"":[""Angel Network""]},""foreignRowIdOrder"":[""recqNzSc0rJJcYK9Q""]}","San Francisco, CA",,
Sara Frankel,Angel,Female,[object Object],"{""valuesByForeignRowId"":{""recqNzSc0rJJcYK9Q"":[""Angel Network""]},""foreignRowIdOrder"":[""recqNzSc0rJJcYK9Q""]}","San Francisco, CA",https://www.crunchbase.com/person/sara-frankel,
Shamini Dhana,Angel,Female,[object Object],"{""valuesByForeignRowId"":{""recqNzSc0rJJcYK9Q"":[""Angel Network""]},""foreignRowIdOrder"":[""recqNzSc0rJJcYK9Q""]}","San Francisco, CA",,
Sharon Vosmek,Angel,Female,[object Object],"{""valuesByForeignRowId"":{""recqNzSc0rJJcYK9Q"":[""Angel Network""]},""foreignRowIdOrder"":[""recqNzSc0rJJcYK9Q""]}","San Francisco, CA",https://www.crunchbase.com/person/sharon-vosmek,
Silvia Restelli,Angel,Female,[object Object],"{""valuesByForeignRowId"":{""recqNzSc0rJJcYK9Q"":[""Angel Network""]},""foreignRowIdOrder"":[""recqNzSc0rJJcYK9Q""]}","San Francisco, CA",,
Suzanne Juptner,Angel,Female,[object Object],"{""valuesByForeignRowId"":{""recqNzSc0rJJcYK9Q"":[""Angel Network""]},""foreignRowIdOrder"":[""recqNzSc0rJJcYK9Q""]}","San Francisco, CA",,
Tina Choi,Angel,Female,[object Object],"{""valuesByForeignRowId"":{""recqNzSc0rJJcYK9Q"":[""Angel Network""]},""foreignRowIdOrder"":[""recqNzSc0rJJcYK9Q""]}","San Francisco, CA",,
Victoria Pettibone,Angel,Female,[object Object],"{""valuesByForeignRowId"":{""recqNzSc0rJJcYK9Q"":[""Angel Network""]},""foreignRowIdOrder"":[""recqNzSc0rJJcYK9Q""]}","New York, NY",https://www.crunchbase.com/person/victoria-pettibone-2,
Troy Carter,"Founder & CEO, General Partner",PoC,"[object Object], [object Object]","{""valuesByForeignRowId"":{""rec05iYPulZPgiE8N"":[""Venture Capital""],""recLnV3iuWyC7JljH"":[""Venture Capital""]},""foreignRowIdOrder"":[""rec05iYPulZPgiE8N"",""recLnV3iuWyC7JljH""]}","Los Angeles, CA",https://www.crunchbase.com/person/troy-carter,https://www.linkedin.com/in/troy-carter-20928774
Lisa Marrone,Principal,Female,[object Object],"{""valuesByForeignRowId"":{""recIHpOn5H9kDjmU2"":[""Venture Capital""]},""foreignRowIdOrder"":[""recIHpOn5H9kDjmU2""]}","San Francisco, CA",,https://www.linkedin.com/in/lmarrone/
Lindsay Lee,Managing Partner,PoC,[object Object],"{""valuesByForeignRowId"":{""rec69Y1N2WIuM4XU9"":[""Venture Capital""]},""foreignRowIdOrder"":[""rec69Y1N2WIuM4XU9""]}","San Francisco, CA",https://www.crunchbase.com/person/lindsay-lee,https://www.linkedin.com/in/lindsay-lee-aa11b141/
Vaughn Blake,Founder & Managing Partner,PoC,[object Object],"{""valuesByForeignRowId"":{""recP4YVgU0KBrXQNO"":[""Venture Capital""]},""foreignRowIdOrder"":[""recP4YVgU0KBrXQNO""]}","Los Angeles, CA",https://www.crunchbase.com/person/vaughn-blake,https://www.linkedin.com/in/vaughn-blake-13050a7/
Bá Minuzzi,Co-founder and General Partner,Female,[object Object],"{""valuesByForeignRowId"":{""recnaGRpaNVl1rzLe"":[""Venture Capital""]},""foreignRowIdOrder"":[""recnaGRpaNVl1rzLe""]}","San Francisco, CA",https://www.crunchbase.com/person/barbara-kunde-minuzzi,https://www.linkedin.com/in/barbaraminuzzi/
Barbara Kunde Minuzzi,Co-founder & Managing Director,"PoC, Female",[object Object],"{""valuesByForeignRowId"":{""recnaGRpaNVl1rzLe"":[""Venture Capital""]},""foreignRowIdOrder"":[""recnaGRpaNVl1rzLe""]}","San Francisco, CA",https://www.crunchbase.com/person/barbara-kunde-minuzzi,
Daniela Arruda,Co-founder & Managing Director,"PoC, Female",[object Object],"{""valuesByForeignRowId"":{""recnaGRpaNVl1rzLe"":[""Venture Capital""]},""foreignRowIdOrder"":[""recnaGRpaNVl1rzLe""]}","San Francisco, CA",https://www.crunchbase.com/person/daniela-arruda,https://www.linkedin.com/in/danielaarruda/
Arlan Hamilton,"Founder, General Partner","PoC, Female, LGBTQ",[object Object],"{""valuesByForeignRowId"":{""recyucatkMbWyrivZ"":[""Venture Capital""]},""foreignRowIdOrder"":[""recyucatkMbWyrivZ""]}","Los Angeles, CA",https://www.crunchbase.com/person/arlan-hamilton,https://www.linkedin.com/in/arlanhamilton
Christie Pitts,Partner,Female,[object Object],"{""valuesByForeignRowId"":{""recyucatkMbWyrivZ"":[""Venture Capital""]},""foreignRowIdOrder"":[""recyucatkMbWyrivZ""]}","San Francisco, CA",https://www.crunchbase.com/person/christie-pitts,
Lolita Taub,Principal,"Female, PoC",[object Object],"{""valuesByForeignRowId"":{""recyucatkMbWyrivZ"":[""Venture Capital""]},""foreignRowIdOrder"":[""recyucatkMbWyrivZ""]}",,https://www.crunchbase.com/person/lolita-taub,Http://www.Linkedin.com/in/lolitataub
Fang Yuan,VP,Female,[object Object],"{""valuesByForeignRowId"":{""rec7tELFxKXpwROAP"":[""Venture Capital""]},""foreignRowIdOrder"":[""rec7tELFxKXpwROAP""]}",,https://www.crunchbase.com/organization/baidu-ventures,https://www.linkedin.com/in/fangyuan23/
Enrique Salem,Managing Director,PoC,[object Object],"{""valuesByForeignRowId"":{""recoJJnqLUJ2xyFxd"":[""Venture Capital""]},""foreignRowIdOrder"":[""recoJJnqLUJ2xyFxd""]}","San Francisco, CA",https://www.crunchbase.com/person/enrique-salem,http://www.linkedin.com/pub/enrique-salem/0/10/569
Sarah Smith,Partner,Female,[object Object],"{""valuesByForeignRowId"":{""recoJJnqLUJ2xyFxd"":[""Venture Capital""]},""foreignRowIdOrder"":[""recoJJnqLUJ2xyFxd""]}","Palo Alto, CA",https://www.crunchbase.com/person/sarah-smith-6,https://www.linkedin.com/in/sasmith4/
Nicole Walker,Partner,"PoC, Female",[object Object],"{""valuesByForeignRowId"":{""recXRVsdwL9aOtTJD"":[""Venture Capital""]},""foreignRowIdOrder"":[""recXRVsdwL9aOtTJD""]}","Milwaukee, WI",https://www.crunchbase.com/person/nicole-walker,
Shamin Rostami Walsh ,Managing Director,Female,[object Object],"{""valuesByForeignRowId"":{""rec27ZNDp2z5Mv8nc"":[""Venture Capital""]},""foreignRowIdOrder"":[""rec27ZNDp2z5Mv8nc""]}",,,http://linkedin.com/in/shamin-walsh-a21a867
Erik Moore,Managing Director,PoC,[object Object],"{""valuesByForeignRowId"":{""recMDtAd1noKOZhye"":[""Venture Capital""]},""foreignRowIdOrder"":[""recMDtAd1noKOZhye""]}","San Francisco, CA",https://www.crunchbase.com/person/erik-moore,https://www.linkedin.com/in/erikhmoore
Kirby Harris,Partner,PoC,[object Object],"{""valuesByForeignRowId"":{""recMDtAd1noKOZhye"":[""Venture Capital""]},""foreignRowIdOrder"":[""recMDtAd1noKOZhye""]}","San Francisco, CA",https://www.crunchbase.com/person/kirby-harris,https://www.linkedin.com/in/kirby-harris-2b454b8/
Adeyemi Ajao,"Managing Partner, Founder",PoC,[object Object],"{""valuesByForeignRowId"":{""recOKvITVmvQE6Nqc"":[""Venture Capital""]},""foreignRowIdOrder"":[""recOKvITVmvQE6Nqc""]}","San Francisco, CA",https://www.crunchbase.com/person/adeyemi-ajao,http://www.linkedin.com/in/adeyemiajao
Xuezhao Lan,Founding Partner,Female,[object Object],"{""valuesByForeignRowId"":{""recEQ9M2EqLT5H7bB"":[""Venture Capital""]},""foreignRowIdOrder"":[""recEQ9M2EqLT5H7bB""]}","San Francisco, CA",https://www.crunchbase.com/person/xuezhao-lan,https://www.linkedin.com/in/xuezhao-lan-50aa1a1/
Chelsea Stoner,General Partner,Female,[object Object],"{""valuesByForeignRowId"":{""recnilyHk3nFsVzdy"":[""Venture Capital""]},""foreignRowIdOrder"":[""recnilyHk3nFsVzdy""]}","San Francisco, CA",https://www.crunchbase.com/person/chelsea-stoner,http://www.linkedin.com/pub/chelsea-stoner/2/92b/4b0
Nisha Dua,Partner,Female,[object Object],"{""valuesByForeignRowId"":{""recdtB0GXIwnbtAGC"":[""Venture Capital""]},""foreignRowIdOrder"":[""recdtB0GXIwnbtAGC""]}","New York, NY",https://www.crunchbase.com/person/nisha-dua,https://www.linkedin.com/in/nisha-dua-5aa87914
Susan Lyne,President and Founding Partner,Female,[object Object],"{""valuesByForeignRowId"":{""recdtB0GXIwnbtAGC"":[""Venture Capital""]},""foreignRowIdOrder"":[""recdtB0GXIwnbtAGC""]}","New York, NY",https://www.crunchbase.com/person/susan-lyne,http://www.linkedin.com/pub/susan-lyne/13/b76/267
Walter Delph,Partner & Managing Director,PoC,[object Object],"{""valuesByForeignRowId"":{""recneJUemPB62Hwub"":[""Venture Capital""]},""foreignRowIdOrder"":[""recneJUemPB62Hwub""]}","Los Angeles, CA",https://www.crunchbase.com/person/walter-delph,https://www.linkedin.com/in/walter-delph/
Sarah Tavel,General Partner,"Female, LGBTQ",[object Object],"{""valuesByForeignRowId"":{""recaq2cretPgPhnku"":[""Venture Capital""]},""foreignRowIdOrder"":[""recaq2cretPgPhnku""]}","San Francisco, CA",https://www.crunchbase.com/person/sarah-tavel,http://www.linkedin.com/in/sarahtavel
Kristina Shen,Partner,Female,[object Object],"{""valuesByForeignRowId"":{""recv1tXnr5StrHPKN"":[""Venture Capital""]},""foreignRowIdOrder"":[""recv1tXnr5StrHPKN""]}","San Francisco, CA",https://www.crunchbase.com/person/kristina-shen-e419,https://www.linkedin.com/in/kristina-shen/
Israel Rollins,Managing Principal,PoC,[object Object],"{""valuesByForeignRowId"":{""recH6iIYt1zbwptp4"":[""Venture Capital""]},""foreignRowIdOrder"":[""recH6iIYt1zbwptp4""]}","Nashville, TN",https://www.crunchbase.com/person/israel-rollins,https://www.linkedin.com/in/israelrollins/
Brita Rosenheim,Partner,Female,[object Object],"{""valuesByForeignRowId"":{""reclgFxT3SboVTWMP"":[""Venture Capital""]},""foreignRowIdOrder"":[""reclgFxT3SboVTWMP""]}","New York, NY",https://www.crunchbase.com/person/brita-rosenheim,
Julie Sunderland,Co-Founder & Managing Director,Female,[object Object],"{""valuesByForeignRowId"":{""recGFg2OA3UJ4jhwf"":[""Venture Capital""]},""foreignRowIdOrder"":[""recGFg2OA3UJ4jhwf""]}","Seattle, WA",https://www.crunchbase.com/person/julie-sunderland,
Mary Elizabeth Wheeler,General Partner and Angel,Female,[object Object],"{""valuesByForeignRowId"":{""rec8zxdWOGKJgOKUi"":[""Venture Capital""]},""foreignRowIdOrder"":[""rec8zxdWOGKJgOKUi""]}","Palo Alto, CA",,https://www.linkedin.com/in/marywheelermbaphd/
Renee Masi,Managing Director,Female,[object Object],"{""valuesByForeignRowId"":{""recprvOYAxWWWnYWn"":[""Venture Capital""]},""foreignRowIdOrder"":[""recprvOYAxWWWnYWn""]}","Boston, MA",https://www.crunchbase.com/person/renee-masi,https://www.linkedin.com/in/renee-masi-088829/
Ken Grimes,Managing Director,PoC,[object Object],"{""valuesByForeignRowId"":{""recW57JElxI5y2Ivw"":[""Angel Network""]},""foreignRowIdOrder"":[""recW57JElxI5y2Ivw""]}","Sacramento, CA",https://www.crunchbase.com/person/ken-grimes,https://www.linkedin.com/in/kenmgrimes/
Obi Ugwanali,Cofounder & Managing Partner,PoC,[object Object],"{""valuesByForeignRowId"":{""recW57JElxI5y2Ivw"":[""Angel Network""]},""foreignRowIdOrder"":[""recW57JElxI5y2Ivw""]}","Atlanta, GA",https://www.crunchbase.com/person/obi-ugwonali,
Vincent Diallo,Partner,PoC,[object Object],"{""valuesByForeignRowId"":{""recffayDyxIu3CgfL"":[""Venture Capital""]},""foreignRowIdOrder"":[""recffayDyxIu3CgfL""]}","San Francisco, CA",https://www.crunchbase.com/person/vincent-diallo,https://www.linkedin.com/in/vincent-diallo
Karin Klein,Partner,Female,[object Object],"{""valuesByForeignRowId"":{""recrWClU6o29Qhz2E"":[""Venture Capital""]},""foreignRowIdOrder"":[""recrWClU6o29Qhz2E""]}","New York, NY",https://www.crunchbase.com/person/karin-klein,http://www.linkedin.com/in/karinklein
Anna Haghgooie,Managing Director,Female,[object Object],"{""valuesByForeignRowId"":{""recX2ZGjFJQ7cUQoF"":[""Venture Capital""]},""foreignRowIdOrder"":[""recX2ZGjFJQ7cUQoF""]}","Chicago, IL",https://www.crunchbase.com/person/anna-haghgooie,http://www.linkedin.com/pub/anna-haghgooie/1/78b/725
Dipa Talati,Managing Director,Female,[object Object],"{""valuesByForeignRowId"":{""recX2ZGjFJQ7cUQoF"":[""Venture Capital""]},""foreignRowIdOrder"":[""recX2ZGjFJQ7cUQoF""]}","Chicago, IL",https://www.crunchbase.com/person/dipa-talati,https://www.linkedin.com/in/dipa-mehta-2075694
Cheryl Cheng,Partner,Female,[object Object],"{""valuesByForeignRowId"":{""recKXRFfdLD6Z82Pw"":[""Venture Capital""]},""foreignRowIdOrder"":[""recKXRFfdLD6Z82Pw""]}","San Francisco, CA",https://www.crunchbase.com/person/cheryl-cheng,http://www.linkedin.com/pub/cheryl-cheng/b/a66/428
Nimi Katragadda,Partner,Female,[object Object],"{""valuesByForeignRowId"":{""recokA9jwpl7SdR8i"":[""Venture Capital""]},""foreignRowIdOrder"":[""recokA9jwpl7SdR8i""]}","New York, NY",https://www.crunchbase.com/person/nimi-katragadda,https://www.linkedin.com/in/nimikatragadda
Meghan Sharp,Managing Director,Female,[object Object],"{""valuesByForeignRowId"":{""recN9WIE4PHa7rIR8"":[""Venture Capital""]},""foreignRowIdOrder"":[""recN9WIE4PHa7rIR8""]}","San Francisco, CA",https://www.crunchbase.com/person/meghan-sharp,https://www.linkedin.com/in/meghan-sharp-9213a316/
Jiong Ma,Partner,Female,[object Object],"{""valuesByForeignRowId"":{""recVkvAwP9D48Fx28"":[""Venture Capital""]},""foreignRowIdOrder"":[""recVkvAwP9D48Fx28""]}","Boston, MA",https://www.crunchbase.com/person/jiong-ma,http://www.linkedin.com/pub/ma-jiong-jiong-ma/0/4bb/976
Nathalie Molina Niño,CEO,"PoC, Female",[object Object],"{""valuesByForeignRowId"":{""recm4wTCTdZncWHvJ"":[""Venture Capital""]},""foreignRowIdOrder"":[""recm4wTCTdZncWHvJ""]}","New York, NY",https://www.crunchbase.com/person/nathalie-ni%C3%B1o,https://www.linkedin.com/in/globalmisfit/
Hemai Parthasarathy,Partner,Female,[object Object],"{""valuesByForeignRowId"":{""recjvaP4xmcd7iPl4"":[""Venture Capital""]},""foreignRowIdOrder"":[""recjvaP4xmcd7iPl4""]}","San Francisco, CA",https://www.crunchbase.com/person/hemai-parthasarathy,https://www.linkedin.com/in/hemai/
Julia Moore,Partner,Female,[object Object],"{""valuesByForeignRowId"":{""recjvaP4xmcd7iPl4"":[""Venture Capital""]},""foreignRowIdOrder"":[""recjvaP4xmcd7iPl4""]}","San Francisco, CA",https://www.crunchbase.com/person/julia-moore,https://www.linkedin.com/in/juliatmoore/
Lindy Fishburne,Managing Partner,Female,[object Object],"{""valuesByForeignRowId"":{""recjvaP4xmcd7iPl4"":[""Venture Capital""]},""foreignRowIdOrder"":[""recjvaP4xmcd7iPl4""]}","San Francisco, CA",https://www.crunchbase.com/person/lindy-fishburne,https://www.linkedin.com/in/lindy-morris-fishburne-076157
Sophie Forest,Managing Partner,Female,[object Object],"{""valuesByForeignRowId"":{""recfNsEGUqU97Slvx"":[""Venture Capital""]},""foreignRowIdOrder"":[""recfNsEGUqU97Slvx""]}","Toronto, Canada",https://www.crunchbase.com/person/sophie-forest,https://www.linkedin.com/in/sophie-forest-835b322/
Audrey MacLean,Angel,Female,[object Object],"{""valuesByForeignRowId"":{""recyRZPDyRts2G9fs"":[""Angel Network""]},""foreignRowIdOrder"":[""recyRZPDyRts2G9fs""]}","San Francisco, CA",https://www.crunchbase.com/person/audrey-maclean,http://www.linkedin.com/pub/audrey-maclean/0/5ab/ab9
Carla Newell,Angel,Female,[object Object],"{""valuesByForeignRowId"":{""recyRZPDyRts2G9fs"":[""Angel Network""]},""foreignRowIdOrder"":[""recyRZPDyRts2G9fs""]}","San Francisco, CA",https://www.crunchbase.com/person/carla-newell,http://www.linkedin.com/pub/carla-s-newell/0/33/b58
Claudia Fan Munce,Angel,Female,[object Object],"{""valuesByForeignRowId"":{""recyRZPDyRts2G9fs"":[""Angel Network""]},""foreignRowIdOrder"":[""recyRZPDyRts2G9fs""]}","San Francisco, CA",https://www.crunchbase.com/person/claudia-fan-munce,https://www.linkedin.com/in/claudia-fan-munce-ab58536/
Courtney Broadus,Angel,Female,[object Object],"{""valuesByForeignRowId"":{""recyRZPDyRts2G9fs"":[""Angel Network""]},""foreignRowIdOrder"":[""recyRZPDyRts2G9fs""]}","San Francisco, CA",https://www.crunchbase.com/person/courtney-broadus,https://www.linkedin.com/in/courtneybroadus/
Ellen Levy,Angel,Female,[object Object],"{""valuesByForeignRowId"":{""recyRZPDyRts2G9fs"":[""Angel Network""]},""foreignRowIdOrder"":[""recyRZPDyRts2G9fs""]}","San Francisco, CA",https://www.crunchbase.com/person/ellen-levy,http://www.linkedin.com/in/ellenlevy
Emily Poplawski,Angel,Female,[object Object],"{""valuesByForeignRowId"":{""recyRZPDyRts2G9fs"":[""Angel Network""]},""foreignRowIdOrder"":[""recyRZPDyRts2G9fs""]}","San Francisco, CA",https://www.crunchbase.com/person/emily-poplawski,https://www.linkedin.com/in/emily-poplawski-1972322b
Heather Preston,Angel,Female,[object Object],"{""valuesByForeignRowId"":{""recyRZPDyRts2G9fs"":[""Angel Network""]},""foreignRowIdOrder"":[""recyRZPDyRts2G9fs""]}","San Francisco, CA",https://www.crunchbase.com/person/heather-preston,http://www.linkedin.com/pub/heather-preston/10/355/286
Julie Herendeen,Angel,Female,[object Object],"{""valuesByForeignRowId"":{""recyRZPDyRts2G9fs"":[""Angel Network""]},""foreignRowIdOrder"":[""recyRZPDyRts2G9fs""]}","San Francisco, CA",https://www.crunchbase.com/person/julie-herendeen,http://www.linkedin.com/pub/julie-herendeen/0/5a3/7aa
Karen Boezi,Angel,Female,[object Object],"{""valuesByForeignRowId"":{""recyRZPDyRts2G9fs"":[""Angel Network""]},""foreignRowIdOrder"":[""recyRZPDyRts2G9fs""]}","San Francisco, CA",https://www.crunchbase.com/person/karen-boezi,http://www.linkedin.com/pub/karen-boezi/0/47/9b
Katie Rodan,Angel,Female,[object Object],"{""valuesByForeignRowId"":{""recyRZPDyRts2G9fs"":[""Angel Network""]},""foreignRowIdOrder"":[""recyRZPDyRts2G9fs""]}","San Francisco, CA",https://www.crunchbase.com/person/katie-rodan,https://www.linkedin.com/in/katie-rodan-1b336610/
Kim Polese,Angel,Female,[object Object],"{""valuesByForeignRowId"":{""recyRZPDyRts2G9fs"":[""Angel Network""]},""foreignRowIdOrder"":[""recyRZPDyRts2G9fs""]}","San Francisco, CA",https://www.crunchbase.com/person/kim-polese,https://www.linkedin.com/pub/kim-polese/0/0/a13
Laurie Yoler,Angel,Female,[object Object],"{""valuesByForeignRowId"":{""recyRZPDyRts2G9fs"":[""Angel Network""]},""foreignRowIdOrder"":[""recyRZPDyRts2G9fs""]}","San Francisco, CA",https://www.crunchbase.com/person/laurie-yoler,http://www.linkedin.com/in/yoler
Leah Busque,Angel,Female,[object Object],"{""valuesByForeignRowId"":{""recyRZPDyRts2G9fs"":[""Angel Network""]},""foreignRowIdOrder"":[""recyRZPDyRts2G9fs""]}","San Francisco, CA",https://www.crunchbase.com/person/leah-busque,http://www.linkedin.com/in/labusque
Leslie Blodgett,Angel,Female,[object Object],"{""valuesByForeignRowId"":{""recyRZPDyRts2G9fs"":[""Angel Network""]},""foreignRowIdOrder"":[""recyRZPDyRts2G9fs""]}","San Francisco, CA",https://www.crunchbase.com/person/leslie-a-blodgett,
Magdalena Yesil,Angel,Female,[object Object],"{""valuesByForeignRowId"":{""recyRZPDyRts2G9fs"":[""Angel Network""]},""foreignRowIdOrder"":[""recyRZPDyRts2G9fs""]}","San Francisco, CA",https://www.crunchbase.com/person/magdalena-yesil,https://www.linkedin.com/in/magdalena-yesil/
Margit Wennmachers,Angel,Female,[object Object],"{""valuesByForeignRowId"":{""recyRZPDyRts2G9fs"":[""Angel Network""]},""foreignRowIdOrder"":[""recyRZPDyRts2G9fs""]}","San Francisco, CA",https://www.crunchbase.com/person/margit-wennmachers,http://www.linkedin.com/pub/margit-wennmachers/0/b18/613
Martha Ehmann Conte,Angel,Female,[object Object],"{""valuesByForeignRowId"":{""recyRZPDyRts2G9fs"":[""Angel Network""]},""foreignRowIdOrder"":[""recyRZPDyRts2G9fs""]}","San Francisco, CA",https://www.crunchbase.com/person/martha-ehmann-conte,https://www.linkedin.com/in/martha-ehmann-conte-81a11733
Mary Cranston,Angel,Female,[object Object],"{""valuesByForeignRowId"":{""recyRZPDyRts2G9fs"":[""Angel Network""]},""foreignRowIdOrder"":[""recyRZPDyRts2G9fs""]}","San Francisco, CA",https://www.crunchbase.com/person/mary-cranston,https://www.linkedin.com/in/mary-cranston-9420b3aa
MJ Elmore,Angel,Female,[object Object],"{""valuesByForeignRowId"":{""recyRZPDyRts2G9fs"":[""Angel Network""]},""foreignRowIdOrder"":[""recyRZPDyRts2G9fs""]}","San Francisco, CA",https://www.crunchbase.com/person/mj-elmore,https://www.linkedin.com/in/mary-jane-elmore-a7525817
Paula Brooks,Angel,Female,[object Object],"{""valuesByForeignRowId"":{""recyRZPDyRts2G9fs"":[""Angel Network""]},""foreignRowIdOrder"":[""recyRZPDyRts2G9fs""]}","San Francisco, CA",https://www.crunchbase.com/person/paula-brooks,
Rachel Sheinbein,Angel,Female,[object Object],"{""valuesByForeignRowId"":{""recyRZPDyRts2G9fs"":[""Angel Network""]},""foreignRowIdOrder"":[""recyRZPDyRts2G9fs""]}","San Francisco, CA",https://www.crunchbase.com/person/rachel-sheinbein,http://www.linkedin.com/in/rachelsheinbein
Robin Richards Donohoe,Angel,Female,[object Object],"{""valuesByForeignRowId"":{""recyRZPDyRts2G9fs"":[""Angel Network""]},""foreignRowIdOrder"":[""recyRZPDyRts2G9fs""]}","San Francisco, CA",https://www.crunchbase.com/person/robin-richards-donohoe,https://www.linkedin.com/in/robin-richards-donohoe-579aa645/
Sarah Imbach,Angel,Female,[object Object],"{""valuesByForeignRowId"":{""recyRZPDyRts2G9fs"":[""Angel Network""]},""foreignRowIdOrder"":[""recyRZPDyRts2G9fs""]}","Seattle, WA",https://www.crunchbase.com/person/sarah-imbach,http://www.linkedin.com/in/sarahimbach
Sarah Koch-Schiller,Angel,Female,[object Object],"{""valuesByForeignRowId"":{""recyRZPDyRts2G9fs"":[""Angel Network""]},""foreignRowIdOrder"":[""recyRZPDyRts2G9fs""]}","Berkeley, CA",https://www.crunchbase.com/person/sarah-koch-schiller,https://www.linkedin.com/in/sarah-koch-schiller-93812b1a
Sharon Wienbar,Angel,Female,[object Object],"{""valuesByForeignRowId"":{""recyRZPDyRts2G9fs"":[""Angel Network""]},""foreignRowIdOrder"":[""recyRZPDyRts2G9fs""]}","San Francisco, CA",https://www.crunchbase.com/person/sharon-wienbar,http://www.linkedin.com/in/sharonwienbar
Shellye Archambeau,Angel,Female,[object Object],"{""valuesByForeignRowId"":{""recyRZPDyRts2G9fs"":[""Angel Network""]},""foreignRowIdOrder"":[""recyRZPDyRts2G9fs""]}","San Francisco, CA",https://www.crunchbase.com/person/shellye-archambeau,http://www.linkedin.com/pub/shellye-archambeau/0/15/721
Sukhinder Singh Cassidy,Angel,Female,[object Object],"{""valuesByForeignRowId"":{""recyRZPDyRts2G9fs"":[""Angel Network""]},""foreignRowIdOrder"":[""recyRZPDyRts2G9fs""]}","San Francisco, CA",https://www.crunchbase.com/person/sukhinder-singh-cassidy,
Tamara Thompson,Angel,Female,[object Object],"{""valuesByForeignRowId"":{""recyRZPDyRts2G9fs"":[""Angel Network""]},""foreignRowIdOrder"":[""recyRZPDyRts2G9fs""]}","San Francisco, CA",https://www.crunchbase.com/person/tamara-thompson,https://www.linkedin.com/in/tamaralthompson/
Agatha Precourt,Angel,Female,"[object Object], [object Object]","{""valuesByForeignRowId"":{""recvhD55JaMFYBTjN"":[""Venture Capital""],""recyRZPDyRts2G9fs"":[""Angel Network""]},""foreignRowIdOrder"":[""recvhD55JaMFYBTjN"",""recyRZPDyRts2G9fs""]}","San Francisco, CA",https://www.crunchbase.com/person/agatha-precourt,https://www.linkedin.com/in/agatha-matosek-precourt-83b82b34/
Julia Popowitz,,Female,"[object Object], [object Object]","{""valuesByForeignRowId"":{""recpvbcMxNhyXdM5g"":[""Venture Capital""],""recyRZPDyRts2G9fs"":[""Angel Network""]},""foreignRowIdOrder"":[""recpvbcMxNhyXdM5g"",""recyRZPDyRts2G9fs""]}","San Francisco, CA",https://www.crunchbase.com/person/julia-popowitz,https://www.linkedin.com/in/juliapopowitz
Katherine August-deWilde,Angel,Female,"[object Object], [object Object]","{""valuesByForeignRowId"":{""recyRZPDyRts2G9fs"":[""Angel Network""]},""foreignRowIdOrder"":[""recyRZPDyRts2G9fs""]}","San Francisco, CA",https://www.crunchbase.com/person/katherine-august-dewilde,
Allison Thoreson Bhusri,Angel,Female,"[object Object], [object Object]","{""valuesByForeignRowId"":{""rec7CYjCHI6u1iFOQ"":[""Venture Capital""],""recyRZPDyRts2G9fs"":[""Angel Network""]},""foreignRowIdOrder"":[""rec7CYjCHI6u1iFOQ"",""recyRZPDyRts2G9fs""]}","San Francisco, CA",https://www.crunchbase.com/person/allison-bhusri#section-overview,
Fern Mandelbaum,,Female,"[object Object], [object Object]","{""valuesByForeignRowId"":{""recLaGD6Iar0vhyvS"":[""Venture Capital""],""recyRZPDyRts2G9fs"":[""Angel Network""]},""foreignRowIdOrder"":[""recLaGD6Iar0vhyvS"",""recyRZPDyRts2G9fs""]}","San Francisco, CA",https://www.crunchbase.com/person/fern-mandelbaum,https://www.linkedin.com/in/fern-mandelbaum-a485851/
Stephen DeBerry,Founder & Managing Partner,PoC,[object Object],"{""valuesByForeignRowId"":{""recQwyqZPf8zhGIVJ"":[""Venture Capital""]},""foreignRowIdOrder"":[""recQwyqZPf8zhGIVJ""]}","San Francisco, CA",https://www.crunchbase.com/person/stephen-deberry,http://www.linkedin.com/in/stephendeberry
Kobe Bryant,General Partner,PoC,[object Object],"{""valuesByForeignRowId"":{""recuSeNV9PBVcJzg7"":[""Venture Capital""]},""foreignRowIdOrder"":[""recuSeNV9PBVcJzg7""]}","Los Angeles, CA",https://www.crunchbase.com/person/kobe-bryant,https://www.linkedin.com/in/kobe-bryant-ab1539124/
Aaron Gillum,Managing Director,PoC,[object Object],"{""valuesByForeignRowId"":{""recEJKA572jLS9684"":[""Venture Capital""]},""foreignRowIdOrder"":[""recEJKA572jLS9684""]}","Chicago, IL",https://www.crunchbase.com/person/aaron-gillum,https://www.linkedin.com/in/agillum/
James Robinson,Managing Director,PoC,[object Object],"{""valuesByForeignRowId"":{""recEJKA572jLS9684"":[""Venture Capital""]},""foreignRowIdOrder"":[""recEJKA572jLS9684""]}","New York, NY",https://www.crunchbase.com/person/james-robinson-6,https://www.linkedin.com/in/james-robinson-7542395/
Richelle Parham,General Partner,"PoC, Female",[object Object],"{""valuesByForeignRowId"":{""recCeZYlZAlsPpqm6"":[""Growth Equity""]},""foreignRowIdOrder"":[""recCeZYlZAlsPpqm6""]}","Baltimore, MD",https://www.crunchbase.com/person/richelle-p-parham,
Christine Day,Partner,Female,[object Object],"{""valuesByForeignRowId"":{""recdzEnv7nWJFlWWb"":[""Venture Capital""]},""foreignRowIdOrder"":[""recdzEnv7nWJFlWWb""]}","Vancouver, Canada",https://www.crunchbase.com/person/christine-day,
Manica Gautam,Partner,Female,[object Object],"{""valuesByForeignRowId"":{""recdzEnv7nWJFlWWb"":[""Venture Capital""]},""foreignRowIdOrder"":[""recdzEnv7nWJFlWWb""]}","Vancouver, Canada",https://www.crunchbase.com/person/manica-gautam,
Julie Grant,Partner,Female,[object Object],"{""valuesByForeignRowId"":{""recepaQ0ffr2DsVS9"":[""Venture Capital""]},""foreignRowIdOrder"":[""recepaQ0ffr2DsVS9""]}","Menlo Park, CA",https://www.crunchbase.com/person/julie-papanek,https://www.linkedin.com/in/julie-papanek-a8961b1
Nina Kjellson,General Partner,Female,[object Object],"{""valuesByForeignRowId"":{""recepaQ0ffr2DsVS9"":[""Venture Capital""]},""foreignRowIdOrder"":[""recepaQ0ffr2DsVS9""]}","San Francisco, CA",https://www.crunchbase.com/person/nina-kjellson,http://www.linkedin.com/pub/nina-kjellson/0/3ab/343
Wende Hutton,General Partner,Female,[object Object],"{""valuesByForeignRowId"":{""recepaQ0ffr2DsVS9"":[""Venture Capital""]},""foreignRowIdOrder"":[""recepaQ0ffr2DsVS9""]}","San Francisco, CA",https://www.crunchbase.com/person/wende-hutton,https://www.linkedin.com/in/wende-hutton-a70a812/
Maha Ibrahim,General Partner,Female,"[object Object], [object Object]","{""valuesByForeignRowId"":{""recyRZPDyRts2G9fs"":[""Angel Network""],""recepaQ0ffr2DsVS9"":[""Venture Capital""]},""foreignRowIdOrder"":[""recyRZPDyRts2G9fs"",""recepaQ0ffr2DsVS9""]}","San Francisco, CA",https://www.crunchbase.com/person/maha-ibrahim,http://www.linkedin.com/pub/maha-ibrahim/0/9/b95
Rebecca Lynn,Co-founder & General Partner,Female,"[object Object], [object Object]","{""valuesByForeignRowId"":{""recyRZPDyRts2G9fs"":[""Angel Network""],""recLRKV5lWeMCyQXA"":[""Venture Capital""]},""foreignRowIdOrder"":[""recyRZPDyRts2G9fs"",""recLRKV5lWeMCyQXA""]}","San Francisco, CA",https://www.crunchbase.com/person/rebecca-lynn,http://www.linkedin.com/in/lynnra
Gretchen Howard,Partner,Female,[object Object],"{""valuesByForeignRowId"":{""recWFts4l0gC4cwfW"":[""Venture Capital""]},""foreignRowIdOrder"":[""recWFts4l0gC4cwfW""]}","San Francisco, CA",https://www.crunchbase.com/person/gretchen-howard,https://www.linkedin.com/in/gretchenehoward
Laela Sturdy,Partner,Female,[object Object],"{""valuesByForeignRowId"":{""recWFts4l0gC4cwfW"":[""Venture Capital""]},""foreignRowIdOrder"":[""recWFts4l0gC4cwfW""]}","San Francisco, CA",https://www.crunchbase.com/person/laela-sturdy,https://www.linkedin.com/in/laela-sturdy-376543
Lanchun Duan,Managing Partner,Female,[object Object],"{""valuesByForeignRowId"":{""recUuAmeqPkyOQpiS"":[""Venture Capital""]},""foreignRowIdOrder"":[""recUuAmeqPkyOQpiS""]}","Shanghai, China",https://www.crunchbase.com/person/lanchun-duan,
Susan Hobbs,Partner,Female,[object Object],"{""valuesByForeignRowId"":{""recrewOc8euO0WVJp"":[""Venture Capital""]},""foreignRowIdOrder"":[""recrewOc8euO0WVJp""]}","San Francisco, CA",https://www.crunchbase.com/person/susan-hobbs,http://www.linkedin.com/in/susanhobbs
Danielle Dudum ,Partner,Female,[object Object],"{""valuesByForeignRowId"":{""recDCNHLazsHJvLkr"":[""Venture Capital""]},""foreignRowIdOrder"":[""recDCNHLazsHJvLkr""]}","San Francisco, CA",,https://www.linkedin.com/in/danielledudum/
Carlos Ochoa,Managing Partner,PoC,[object Object],"{""valuesByForeignRowId"":{""recGRhnohEpmE3vbW"":[""Venture Capital""]},""foreignRowIdOrder"":[""recGRhnohEpmE3vbW""]}","San Francisco, CA",https://www.crunchbase.com/person/carlos-ochoa-2,
Neha Jain,Managing Partner,Female,[object Object],"{""valuesByForeignRowId"":{""recGRhnohEpmE3vbW"":[""Venture Capital""]},""foreignRowIdOrder"":[""recGRhnohEpmE3vbW""]}","San Francisco, CA",https://www.crunchbase.com/person/neha-jain-3,
Christina Bechhold Russ,Angel,Female,[object Object],"{""valuesByForeignRowId"":{""recavU0NNMEH8cCPB"":[""Angel""]},""foreignRowIdOrder"":[""recavU0NNMEH8cCPB""]}","New York, NY",,Http://www.linkedin.com/Christina-bechhold
Diana Meyel,Managing Partner,Female,[object Object],"{""valuesByForeignRowId"":{""recW57PU75wpHAoQV"":[""Venture Capital""]},""foreignRowIdOrder"":[""recW57PU75wpHAoQV""]}","Munich, Germany",https://www.crunchbase.com/person/diana-meyel,
Janey Hoe,Vice President,Female,[object Object],"{""valuesByForeignRowId"":{""rec1AE47r3iCKKFo4"":[""Venture Capital""]},""foreignRowIdOrder"":[""rec1AE47r3iCKKFo4""]}","San Francisco, CA",https://www.crunchbase.com/person/janey-hoe,https://www.linkedin.com/in/janeyhoe/
Michele Park,Partner,Female,[object Object],"{""valuesByForeignRowId"":{""recmxJlwmB9GfgZOM"":[""Venture Capital""]},""foreignRowIdOrder"":[""recmxJlwmB9GfgZOM""]}","San Francisco, CA",https://www.crunchbase.com/person/michele-park,http://www.linkedin.com/pub/michele-park/3/80b/b67
Don Thompson,Partner,PoC,[object Object],"{""valuesByForeignRowId"":{""reczX4oKcYriqLgJO"":[""Venture Capital""]},""foreignRowIdOrder"":[""reczX4oKcYriqLgJO""]}","Chicago, IL",https://www.crunchbase.com/person/don-thompson-2,
Amy Banse,Managing Director and Head of Funds,Female,"[object Object], [object Object]","{""valuesByForeignRowId"":{""recyRZPDyRts2G9fs"":[""Angel Network""],""recq9BpK3h0kjk6lY"":[""Venture Capital""]},""foreignRowIdOrder"":[""recyRZPDyRts2G9fs"",""recq9BpK3h0kjk6lY""]}","San Francisco, CA",https://www.crunchbase.com/person/amy-banse,https://www.linkedin.com/in/amy-banse-7468211/
Denmark West,Partner,PoC,[object Object],"{""valuesByForeignRowId"":{""rec0x2UwrCqqs7bgn"":[""Venture Capital""]},""foreignRowIdOrder"":[""rec0x2UwrCqqs7bgn""]}","New York, NY",https://www.crunchbase.com/person/denmark-west,https://www.linkedin.com/in/denmarkwest
Kavita Gupta,Founding Managing Partner,Female,[object Object],"{""valuesByForeignRowId"":{""rec9zHXqAyAgAg56d"":[""Venture Capital""]},""foreignRowIdOrder"":[""rec9zHXqAyAgAg56d""]}","San Francisco, CA",https://www.crunchbase.com/person/kavita-gupta-2,https://www.linkedin.com/in/kavita-gupta-71a4352/
Maia Heymann,Founder & General Partner,Female,[object Object],"{""valuesByForeignRowId"":{""recKkZ54uAD6gPsy0"":[""Venture Capital""]},""foreignRowIdOrder"":[""recKkZ54uAD6gPsy0""]}","Cambridge, MA",https://www.crunchbase.com/person/maia-heymann,https://www.linkedin.com/in/maiaheymann/
Nilanjana Bhowmik,Founder & General Partner,Female,[object Object],"{""valuesByForeignRowId"":{""recKkZ54uAD6gPsy0"":[""Venture Capital""]},""foreignRowIdOrder"":[""recKkZ54uAD6gPsy0""]}","Boston, MA",https://www.crunchbase.com/person/nilansana-bhowmik,http://www.linkedin.com/in/nilanjanabhowmik
Kathleen Utecht,Managing Partner,Female,[object Object],"{""valuesByForeignRowId"":{""recn3uwTIkpzZWSV0"":[""Venture Capital""]},""foreignRowIdOrder"":[""recn3uwTIkpzZWSV0""]}","San Francisco, CA",https://www.crunchbase.com/person/aileen-lee,http://www.linkedin.com/pub/kathleen-utecht/18/106/35a
Joanna Drake,Angel,Female,"[object Object], [object Object]","{""valuesByForeignRowId"":{""recyRZPDyRts2G9fs"":[""Angel Network""],""recc8HT1yh9tiLET1"":[""Venture Capital""]},""foreignRowIdOrder"":[""recyRZPDyRts2G9fs"",""recc8HT1yh9tiLET1""]}","San Francisco, CA",https://www.crunchbase.com/person/joanna-drake-earl,
Shubhra Jain,Senior Associate,"Female, PoC",[object Object],"{""valuesByForeignRowId"":{""rec88uS4uHnzZOKh5"":[""Venture Capital""]},""foreignRowIdOrder"":[""rec88uS4uHnzZOKh5""]}","San Francisco, CA",https://www.crunchbase.com/organization/cota-capital,https://www.linkedin.com/in/drshubhra/
Aileen Lee,Founder & Partner,Female,"[object Object], [object Object]","{""valuesByForeignRowId"":{""recyRZPDyRts2G9fs"":[""Angel Network""],""rec3xV4N0H4q1ACv5"":[""Venture Capital""]},""foreignRowIdOrder"":[""recyRZPDyRts2G9fs"",""rec3xV4N0H4q1ACv5""]}","Palo Alto, CA",https://www.crunchbase.com/person/aileen-lee,http://www.linkedin.com/in/aileenwlee
Lainy Painter,Principal,Female,[object Object],"{""valuesByForeignRowId"":{""recT38CtND6b8tHs3"":[""Venture Capital""]},""foreignRowIdOrder"":[""recT38CtND6b8tHs3""]}","San Francisco, CA",,https://www.linkedin.com/in/elena-painter/
Marlon Nichols,General Partner,PoC,[object Object],"{""valuesByForeignRowId"":{""rec05iYPulZPgiE8N"":[""Venture Capital""]},""foreignRowIdOrder"":[""rec05iYPulZPgiE8N""]}","Los Angeles, CA",https://www.crunchbase.com/person/marlon-c-nichols,http://www.linkedin.com/in/marloncnichols
Trevor Thomas-Uribe,Partner,PoC,[object Object],"{""valuesByForeignRowId"":{""rec05iYPulZPgiE8N"":[""Venture Capital""]},""foreignRowIdOrder"":[""rec05iYPulZPgiE8N""]}","San Francisco, CA",https://www.crunchbase.com/person/trevor-thomas-3,
Huoy-Ming Yeh,"Founding, Managing Partner",Female,[object Object],"{""valuesByForeignRowId"":{""recje1EqeXzjFBCvn"":[""Venture Capital""]},""foreignRowIdOrder"":[""recje1EqeXzjFBCvn""]}","San Francisco, CA",https://www.crunchbase.com/person/huoy-ming-yeh#section-overview,https://www.linkedin.com/in/huoy-ming-yeh/
Heather Wood,General Partner,Female,[object Object],"{""valuesByForeignRowId"":{""recUcxmjk7MptHAdL"":[""Venture Capital""]},""foreignRowIdOrder"":[""recUcxmjk7MptHAdL""]}","Saint Louis, MO",https://www.crunchbase.com/person/heather-wood,https://www.linkedin.com/in/heather-wood-689a7b3/
Nicholas Pianim,Managing Director,PoC,[object Object],"{""valuesByForeignRowId"":{""recndxECDZ2YrGkxk"":[""Venture Capital""]},""foreignRowIdOrder"":[""recndxECDZ2YrGkxk""]}","Palo Alto, CA",https://www.crunchbase.com/person/nicholas-k-pianim,https://www.linkedin.com/in/nicholas-pianim-2898a8a3
Masha Drokova,Founding Partner,Female,[object Object],"{""valuesByForeignRowId"":{""recxaA0mUkhL4yiq6"":[""Venture Capital""]},""foreignRowIdOrder"":[""recxaA0mUkhL4yiq6""]}","San Francisco, CA",https://www.crunchbase.com/person/masha-drokova,https://www.linkedin.com/in/mashadrokova/
Nancy Pfund,Founder & Managing Partner,Female,[object Object],"{""valuesByForeignRowId"":{""recIYzmQXg3MsQD8o"":[""Venture Capital""]},""foreignRowIdOrder"":[""recIYzmQXg3MsQD8o""]}","San Francisco, CA",https://www.crunchbase.com/person/nancy-pfund,https://www.linkedin.com/in/nancy-pfund-30b6ab13/
Cynthia Ringo,Senior Partner,Female,"[object Object], [object Object]","{""valuesByForeignRowId"":{""recyRZPDyRts2G9fs"":[""Angel Network""],""recIYzmQXg3MsQD8o"":[""Venture Capital""]},""foreignRowIdOrder"":[""recyRZPDyRts2G9fs"",""recIYzmQXg3MsQD8o""]}","San Francisco, CA",https://www.crunchbase.com/person/cynthia-ringo,https://www.linkedin.com/in/cynthia-ringo-40576a4
Trae Vassallo,Co-Founder & Managing Director,Female,[object Object],"{""valuesByForeignRowId"":{""recJNNVEuD2GbL4Wi"":[""Venture Capital""]},""foreignRowIdOrder"":[""recJNNVEuD2GbL4Wi""]}","Menlo Park, CA",https://www.crunchbase.com/person/trae-vassallo,https://www.linkedin.com/in/traevassallo/
Dovey Wan,Managing Director,Female,[object Object],"{""valuesByForeignRowId"":{""recgYrMQmZpOr56eh"":[""Venture Capital""]},""foreignRowIdOrder"":[""recgYrMQmZpOr56eh""]}","Palo Alto, CA",https://www.crunchbase.com/person/dovey-wan,https://www.linkedin.com/in/doveywan/
Diane Henry,Angel,"PoC, Female",[object Object],"{""valuesByForeignRowId"":{""reczfJix6oH3n1F5F"":[""Angel""]},""foreignRowIdOrder"":[""reczfJix6oH3n1F5F""]}","New York, NY",https://www.crunchbase.com/person/diane-henry,https://www.linkedin.com/in/diane-henry/
Kathryn Finney,Angel,"PoC, Female","[object Object], [object Object]","{""valuesByForeignRowId"":{""recDj704mzt9FmqOY"":[""Angel""],""recW5kQr2hpRcZZGy"":[""Angel Network""]},""foreignRowIdOrder"":[""recDj704mzt9FmqOY"",""recW5kQr2hpRcZZGy""]}","New York, NY",https://www.crunchbase.com/person/kathryn-finney,http://www.linkedin.com/in/kathrynfinney
JB Rubinovitz,Partner,LGBTQ,[object Object],"{""valuesByForeignRowId"":{""reckoIE1gSUVETYvg"":[""Venture Capital""]},""foreignRowIdOrder"":[""reckoIE1gSUVETYvg""]}",,,
Mariah Lichtenstern,Managing Partner,"PoC, Female",[object Object],"{""valuesByForeignRowId"":{""rec2ifRCB0tEkYUkm"":[""Venture Capital""]},""foreignRowIdOrder"":[""rec2ifRCB0tEkYUkm""]}","Sacramento, CA",https://www.crunchbase.com/person/mariah-lichtenstern-2,http://www.linkedin.com/in/mariahlichtenstern
Debra K. Liebert,Managing Director,Female,[object Object],"{""valuesByForeignRowId"":{""recrkIbQthgN16YrQ"":[""Venture Capital""]},""foreignRowIdOrder"":[""recrkIbQthgN16YrQ""]}","San Diego, CA",https://www.crunchbase.com/person/debra-k-liebert,https://www.linkedin.com/in/debra-liebert-4b13335/
Kim P. Kamdar,Partner,Female,[object Object],"{""valuesByForeignRowId"":{""recrkIbQthgN16YrQ"":[""Venture Capital""]},""foreignRowIdOrder"":[""recrkIbQthgN16YrQ""]}","San Diego, CA",https://www.crunchbase.com/person/kim-p-kamdar,https://www.linkedin.com/in/kim-kamdar-372031126/
Nicole Vitullo,Partner,Female,[object Object],"{""valuesByForeignRowId"":{""recrkIbQthgN16YrQ"":[""Venture Capital""]},""foreignRowIdOrder"":[""recrkIbQthgN16YrQ""]}","New York, NY",https://www.crunchbase.com/person/nicole-vitullo,http://www.linkedin.com/pub/nicole-vitullo/3b/873/1a9
Emily Melton,Partner,Female,"[object Object], [object Object]","{""valuesByForeignRowId"":{""recyRZPDyRts2G9fs"":[""Angel Network""],""recPDYOJDaylHiPHX"":[""Venture Capital""]},""foreignRowIdOrder"":[""recyRZPDyRts2G9fs"",""recPDYOJDaylHiPHX""]}","San Francisco, CA",https://www.crunchbase.com/person/emily-melton,https://www.linkedin.com/in/emmelton/
Molly McCartin,Partner,Female,[object Object],"{""valuesByForeignRowId"":{""recU7KNmePzviJSjf"":[""Venture Capital""]},""foreignRowIdOrder"":[""recU7KNmePzviJSjf""]}","Columbus, OH",https://www.crunchbase.com/person/molly-mccartin,https://www.linkedin.com/in/molly-mccartin-90402814/
Beth Engel,Partner,Female,[object Object],"{""valuesByForeignRowId"":{""reckJOGuuGbFJJs0A"":[""Venture Capital""]},""foreignRowIdOrder"":[""reckJOGuuGbFJJs0A""]}","Omaha, NE",https://www.crunchbase.com/person/beth-engel,https://www.linkedin.com/in/elizabeth-beth-engel-08ab9a/
Kevin Durant,Angel,PoC,[object Object],"{""valuesByForeignRowId"":{""recIwselPrXAX8Kbj"":[""Angel""]},""foreignRowIdOrder"":[""recIwselPrXAX8Kbj""]}","Oakland, CA",https://www.crunchbase.com/person/kevin-durant,https://www.linkedin.com/in/kevin-durant-3a66178b
Duygu Oktem Clark,Angel Investor,Female,[object Object],"{""valuesByForeignRowId"":{""reclAPZbBgp5EyRnv"":[""Angel""]},""foreignRowIdOrder"":[""reclAPZbBgp5EyRnv""]}","San Francisco, CA",https://www.crunchbase.com/person/duygu-oktem,https://www.linkedin.com/in/duyguoktem/
Eghosa Omoigui,Managing Partner,PoC,[object Object],"{""valuesByForeignRowId"":{""recbKuIb8Kz6lr0NY"":[""Venture Capital""]},""foreignRowIdOrder"":[""recbKuIb8Kz6lr0NY""]}","San Francisco, CA",https://www.crunchbase.com/person/eghosa-omoigui,http://www.linkedin.com/in/eghosaomoigui
Lenard Marcus,Partner,PoC,[object Object],"{""valuesByForeignRowId"":{""recqMZNAIcnDto8FT"":[""Venture Capital""]},""foreignRowIdOrder"":[""recqMZNAIcnDto8FT""]}","Washington, DC",https://www.crunchbase.com/person/lenard-marcus,https://www.linkedin.com/in/lenard-marcus-808275/
Elain Chen Szu,Angel,Female,[object Object],"{""valuesByForeignRowId"":{""recTbRFTw1LC5YIrU"":[""Angel""]},""foreignRowIdOrder"":[""recTbRFTw1LC5YIrU""]}","San Francisco, CA",,https://linkedin.com/in/elain
Julie Ulrich,Partner,Female,[object Object],"{""valuesByForeignRowId"":{""recY9bqg5G4UuAfgO"":[""Venture Capital""]},""foreignRowIdOrder"":[""recY9bqg5G4UuAfgO""]}","New York, NY",https://www.crunchbase.com/person/julie-ulrich,https://www.linkedin.com/in/juulrich/
Johanna Posada,Managing Director,"PoC, Female",[object Object],"{""valuesByForeignRowId"":{""rec41V9lmGlUnT38L"":[""Venture Capital""]},""foreignRowIdOrder"":[""rec41V9lmGlUnT38L""]}","Seattle, WA",https://www.crunchbase.com/person/johanna-posada,https://www.linkedin.com/in/johanna-gil-posada-b02154
Ellen Pao,Angel,"Female, PoC",[object Object],"{""valuesByForeignRowId"":{""recddJ35LNjHH5t3B"":[""Angel""]},""foreignRowIdOrder"":[""recddJ35LNjHH5t3B""]}","San Francisco, CA",https://www.crunchbase.com/person/ellen-pao,https://www.linkedin.com/in/ekpao/
Santi Subotovsky,General Partner,PoC,[object Object],"{""valuesByForeignRowId"":{""recV6mk5EFkTVwpbQ"":[""Venture Capital""]},""foreignRowIdOrder"":[""recV6mk5EFkTVwpbQ""]}","San Francisco, CA",https://www.crunchbase.com/person/santi-subotovsky,http://www.linkedin.com/in/santisubotovsky
Sarah Pinto,"Director, Venture Investing",Female,[object Object],"{""valuesByForeignRowId"":{""recgkbUX7AYPAFIwf"":[""Family Office"",""Venture Capital""]},""foreignRowIdOrder"":[""recgkbUX7AYPAFIwf""]}","Palo Alto, CA",,https://www.linkedin.com/in/sarah-pinto-peyronel-7878b82/
Jackie Carmel,Managing Director,"PoC, Female",[object Object],"{""valuesByForeignRowId"":{""recNWQiCtssEWFE4u"":[""Venture Capital""]},""foreignRowIdOrder"":[""recNWQiCtssEWFE4u""]}","San Francisco, CA",https://www.crunchbase.com/person/jackie-carmel,https://www.linkedin.com/in/jackie-carmel-42b55413/
Amy Francetic,Managing Director,Female,[object Object],"{""valuesByForeignRowId"":{""recQrpIreeWNicfzP"":[""Venture Capital""]},""foreignRowIdOrder"":[""recQrpIreeWNicfzP""]}","Chicago, IL",,https://www.linkedin.com/in/amy-francetic-0129/
Hilton Augustine,Angel,PoC,[object Object],"{""valuesByForeignRowId"":{""recwtvMvVA0iCVqD9"":[""Angel""]},""foreignRowIdOrder"":[""recwtvMvVA0iCVqD9""]}","Washington, DC",https://www.crunchbase.com/person/hilton-h-augustine,
Richard Kerby,Partner,PoC,[object Object],"{""valuesByForeignRowId"":{""recBoVWioSvlRBLhe"":[""Venture Capital""]},""foreignRowIdOrder"":[""recBoVWioSvlRBLhe""]}","New York, NY",https://www.crunchbase.com/person/richard-kerby,http://www.linkedin.com/in/richardkerby
Anjli Jain,Managing Partner,Female,[object Object],"{""valuesByForeignRowId"":{""recvknaERoslnN2IX"":[""Venture Capital""]},""foreignRowIdOrder"":[""recvknaERoslnN2IX""]}","Chicago, IL",https://www.crunchbase.com/person/anjli-chopra,https://www.linkedin.com/in/anjlijain/
Maneesha Ghiya,Partner,Female,[object Object],"{""valuesByForeignRowId"":{""recneIlBWdC9jxQX3"":[""Venture Capital""]},""foreignRowIdOrder"":[""recneIlBWdC9jxQX3""]}","New York, NY",https://www.crunchbase.com/person/maneesha-ghiya,
Kola Olofinboba,Managing Partner,PoC,[object Object],"{""valuesByForeignRowId"":{""recQ76NFbP8ZYeppP"":[""Venture Capital""]},""foreignRowIdOrder"":[""recQ76NFbP8ZYeppP""]}","West Hartford, CT",https://www.crunchbase.com/person/kola-olofinboba,
Laurence Morse,CEO,PoC,[object Object],"{""valuesByForeignRowId"":{""recQ76NFbP8ZYeppP"":[""Venture Capital""]},""foreignRowIdOrder"":[""recQ76NFbP8ZYeppP""]}","West Hartford, CT",https://www.crunchbase.com/person/laurence-c-morse,
Felicia Curcuru,Angel,Female,[object Object],"{""valuesByForeignRowId"":{""reckTA1kidNy7M2r4"":[""Angel""]},""foreignRowIdOrder"":[""reckTA1kidNy7M2r4""]}","Oakland, CA",,https://www.linkedin.com/in/feliciacurcuru/
Victoria Treyger,Managing Director,Female,[object Object],"{""valuesByForeignRowId"":{""rec5exghm7disbzd5"":[""Venture Capital""]},""foreignRowIdOrder"":[""rec5exghm7disbzd5""]}",,https://www.crunchbase.com/person/wesley-chan,https://www.crunchbase.com/person/victoria-treyger-2/hubs/hubs_list
Anu Duggal,Founding Partner,Female,[object Object],"{""valuesByForeignRowId"":{""recEEfNhVRPu73YT8"":[""Venture Capital""]},""foreignRowIdOrder"":[""recEEfNhVRPu73YT8""]}","New York, NY",https://www.crunchbase.com/person/anu-duggal,http://www.linkedin.com/pub/anu-duggal/0/222/568
Sutian Dong,Partner,Female,[object Object],"{""valuesByForeignRowId"":{""recEEfNhVRPu73YT8"":[""Venture Capital""]},""foreignRowIdOrder"":[""recEEfNhVRPu73YT8""]}","New York, NY",https://www.crunchbase.com/person/sutian-dong,https://www.linkedin.com/in/sutiandong/
Ela Madej,Managing Partner,Female,[object Object],"{""valuesByForeignRowId"":{""rec75VVvajMJwFFvY"":[""Venture Capital""]},""foreignRowIdOrder"":[""rec75VVvajMJwFFvY""]}","San Francisco, CA",https://www.crunchbase.com/person/ela-madej,
Eva Ho,General Partner,Female,[object Object],"{""valuesByForeignRowId"":{""rec08pzG0yatKuN51"":[""Venture Capital""]},""foreignRowIdOrder"":[""rec08pzG0yatKuN51""]}","Los Angeles, CA",https://www.crunchbase.com/person/eva-ho,http://www.linkedin.com/in/evaho1
Hayley Barna,Partner,Female,[object Object],"{""valuesByForeignRowId"":{""recj0qlL1oZftIpMY"":[""Venture Capital""]},""foreignRowIdOrder"":[""recj0qlL1oZftIpMY""]}","New York, NY",https://www.crunchbase.com/person/hayley-barna,http://www.linkedin.com/in/hbarna
Beth Ferreira,Managing Director,Female,[object Object],"{""valuesByForeignRowId"":{""recsuu5thdCiATy5j"":[""Venture Capital""]},""foreignRowIdOrder"":[""recsuu5thdCiATy5j""]}","New York, NY",https://www.crunchbase.com/person/beth-ferreira,https://www.linkedin.com/in/bethmferreira
Catherine Ulrich,Managing Director,Female,[object Object],"{""valuesByForeignRowId"":{""recsuu5thdCiATy5j"":[""Venture Capital""]},""foreignRowIdOrder"":[""recsuu5thdCiATy5j""]}","New York, NY",https://www.crunchbase.com/person/catherine-ulrich,https://www.linkedin.com/in/catherineulrich/
Phyllis Gotlib,Executive Partner,Female,[object Object],"{""valuesByForeignRowId"":{""recjlcmNPMz1Vm4RA"":[""Venture Capital""]},""foreignRowIdOrder"":[""recjlcmNPMz1Vm4RA""]}","Boston, MA",https://www.crunchbase.com/person/phyllis-gotlib,https://www.linkedin.com/in/phyllis-gotlib-3a0a7585/
Ann Miura-Ko,Co - Founder & Partner,Female,[object Object],"{""valuesByForeignRowId"":{""recaxZOrDAQAnnund"":[""Venture Capital""]},""foreignRowIdOrder"":[""recaxZOrDAQAnnund""]}","San Francisco, CA",https://www.crunchbase.com/person/ann-miura-ko,http://www.linkedin.com/in/amiura
Iris Choi,Partner,Female,[object Object],"{""valuesByForeignRowId"":{""recaxZOrDAQAnnund"":[""Venture Capital""]},""foreignRowIdOrder"":[""recaxZOrDAQAnnund""]}","Palo Alto, CA",https://www.crunchbase.com/person/iris-choi,https://www.linkedin.com/in/irischoi/
Heather Redman,Managing Partner,Female,[object Object],"{""valuesByForeignRowId"":{""rec5ggQa3xE6OwrFK"":[""Venture Capital""]},""foreignRowIdOrder"":[""rec5ggQa3xE6OwrFK""]}","Seattle, WA",https://www.crunchbase.com/person/heather-redman,
Kim Kolt,President ,Female,[object Object],"{""valuesByForeignRowId"":{""reclMEKfoujWMLvPq"":[""Family Office"",""Venture Capital""]},""foreignRowIdOrder"":[""reclMEKfoujWMLvPq""]}","San Francisco, CA",Download Crunchbase on the AppStore : https://appsto.re/us/ennMdb.i - https://www.crunchbase.com/organization/for-good-ventures,http://linkedin.com/in/kim-k-071294133
Eurie Kim,General Partner,Female,[object Object],"{""valuesByForeignRowId"":{""rec8nMRRUkTcHNVsY"":[""Venture Capital""]},""foreignRowIdOrder"":[""rec8nMRRUkTcHNVsY""]}","San Francisco, CA",https://www.crunchbase.com/person/eurie-kim,https://www.linkedin.com/in/euriekim/
Kirsten Green,General Partner,Female,[object Object],"{""valuesByForeignRowId"":{""rec8nMRRUkTcHNVsY"":[""Venture Capital""]},""foreignRowIdOrder"":[""rec8nMRRUkTcHNVsY""]}","San Francisco, CA",https://www.crunchbase.com/person/kirsten-green,http://www.linkedin.com/in/kirstengreen
Myrna M. Soto,Partner,Female,[object Object],"{""valuesByForeignRowId"":{""reccEoo8floFhHduF"":[""Venture Capital""]},""foreignRowIdOrder"":[""reccEoo8floFhHduF""]}","Miami, FL",https://www.crunchbase.com/person/myrna-m-soto,
Alberto Yepez,Co-founder and Managing Director,PoC,"[object Object], [object Object], [object Object]","{""valuesByForeignRowId"":{""recnjFuqFl75nhKsU"":[""Venture Capital""],""rec7peTrRGQ9zDqok"":[""Venture Capital""],""reccEoo8floFhHduF"":[""Venture Capital""]},""foreignRowIdOrder"":[""recnjFuqFl75nhKsU"",""rec7peTrRGQ9zDqok"",""reccEoo8floFhHduF""]}","San Francisco, CA",https://www.crunchbase.com/person/alberto-yepez,http://www.linkedin.com/in/albertoyepez
Joanne Chen,Partner,Female,[object Object],"{""valuesByForeignRowId"":{""recM0BB5TryOaVZAo"":[""Venture Capital""]},""foreignRowIdOrder"":[""recM0BB5TryOaVZAo""]}","San Francisco, CA",https://www.crunchbase.com/person/joanne-chen,https://www.linkedin.com/in/joanne-chen-8486677/
Rodolfo Gonzalez,Partner,PoC,[object Object],"{""valuesByForeignRowId"":{""recM0BB5TryOaVZAo"":[""Venture Capital""]},""foreignRowIdOrder"":[""recM0BB5TryOaVZAo""]}","San Francisco, CA",https://www.crunchbase.com/person/rodolfo-gonzalez,https://www.linkedin.com/in/gonzalezrodolfo
Cyan Banister,Partner,Female,[object Object],"{""valuesByForeignRowId"":{""rec7y4RVgSEzDa2pz"":[""Venture Capital""]},""foreignRowIdOrder"":[""rec7y4RVgSEzDa2pz""]}","San Francisco, CA",https://www.crunchbase.com/person/cyan-banister,http://www.linkedin.com/in/cyanb
Jenny Lefcourt,General Partner,Female,[object Object],"{""valuesByForeignRowId"":{""recSFq8XFmFOYJzZL"":[""Venture Capital""]},""foreignRowIdOrder"":[""recSFq8XFmFOYJzZL""]}","San Francisco, CA",https://www.crunchbase.com/person/jenny-lefcourt,http://www.linkedin.com/in/jennylefcourt
Allison Baum,Managing Partner,Female,[object Object],"{""valuesByForeignRowId"":{""recyA83yO4yQfmoh5"":[""Venture Capital""]},""foreignRowIdOrder"":[""recyA83yO4yQfmoh5""]}","San Francisco, CA",,https://www.linkedin.com/in/allisonebaum/
Leah Busque,General Partner,Female,[object Object],"{""valuesByForeignRowId"":{""rec75XOGPGwGrTD01"":[""Venture Capital""]},""foreignRowIdOrder"":[""rec75XOGPGwGrTD01""]}","San Francisco, CA",https://www.crunchbase.com/person/leah-busque,http://www.linkedin.com/in/labusque
Kevin Lockett,Partner,PoC,[object Object],"{""valuesByForeignRowId"":{""rec1pITeLppEMjVZI"":[""Venture Capital""]},""foreignRowIdOrder"":[""rec1pITeLppEMjVZI""]}","Kansas City, MO",https://www.crunchbase.com/person/kevin-lockett,https://www.linkedin.com/in/kevinlockettkc/
Darryl Finkton,Managing Partner,PoC,[object Object],"{""valuesByForeignRowId"":{""recxCUOlwlsUISiaD"":[""Venture Capital""]},""foreignRowIdOrder"":[""recxCUOlwlsUISiaD""]}","San Francisco, CA",https://www.crunchbase.com/person/darryl-finkton-jr,
Lu Zhang,Managing Partner,Female,[object Object],"{""valuesByForeignRowId"":{""rec2463laD2k3qEGI"":[""Venture Capital""]},""foreignRowIdOrder"":[""rec2463laD2k3qEGI""]}","Palo Alto, CA",https://www.crunchbase.com/person/lu-zhang#section-overview,
Jalak Jobanputra,Managing/Founding Partner,Female,[object Object],"{""valuesByForeignRowId"":{""recHtDXyFSzAljXXg"":[""Venture Capital""]},""foreignRowIdOrder"":[""recHtDXyFSzAljXXg""]}","New York, NY",https://www.crunchbase.com/person/jalak-jobanputra,http://www.linkedin.com/in/jalak
Julie Allegro,General Partner,Female,[object Object],"{""valuesByForeignRowId"":{""recrVXlHs7CKMzqkQ"":[""Angel""]},""foreignRowIdOrder"":[""recrVXlHs7CKMzqkQ""]}","Menlo Park, CA",https://www.crunchbase.com/person/julie-allegro,
David Beatty,Managing Member,LGBTQ,[object Object],"{""valuesByForeignRowId"":{""recDk3ag4EPjLKWnH"":[""Angel Network""]},""foreignRowIdOrder"":[""recDk3ag4EPjLKWnH""]}","New York, NY",https://www.crunchbase.com/person/david-beatty-2#section-overview,
Paul Grossinger,Managing Member,LGBTQ,[object Object],"{""valuesByForeignRowId"":{""recDk3ag4EPjLKWnH"":[""Angel Network""]},""foreignRowIdOrder"":[""recDk3ag4EPjLKWnH""]}","New York, NY",https://www.crunchbase.com/person/paul-grossinger,
Joyce Chung,Managing Director,Female,[object Object],"{""valuesByForeignRowId"":{""recOgULeZvB5mOGry"":[""Venture Capital""]},""foreignRowIdOrder"":[""recOgULeZvB5mOGry""]}","San Francisco, CA",https://www.crunchbase.com/person/joyce-chung,https://www.linkedin.com/in/jochung/
Gayle Jennings O’Byrne,Angel,"PoC, Female",[object Object],"{""valuesByForeignRowId"":{""recsPZ1cnHGw1T8eB"":[""Angel""]},""foreignRowIdOrder"":[""recsPZ1cnHGw1T8eB""]}","New York, NY",https://www.crunchbase.com/person/gayle-jennings-o-byrne,
Karen Kerr,Executive Managing Director,"PoC, Female",[object Object],"{""valuesByForeignRowId"":{""rect62Ti1a856fZ7a"":[""Venture Capital""]},""foreignRowIdOrder"":[""rect62Ti1a856fZ7a""]}","Chicago, IL",https://www.crunchbase.com/person/karen-kerr,https://www.linkedin.com/pub/karen-kerr/25/50b/638
Lisa Coca,,"PoC, Female",[object Object],"{""valuesByForeignRowId"":{""rect62Ti1a856fZ7a"":[""Venture Capital""]},""foreignRowIdOrder"":[""rect62Ti1a856fZ7a""]}","San Francisco, CA",https://www.crunchbase.com/person/lisa-coca,http://www.linkedin.com/pub/lisa-coca/26/504/454
Ralph Taylor-Smith,Managing Director,PoC,[object Object],"{""valuesByForeignRowId"":{""rect62Ti1a856fZ7a"":[""Venture Capital""]},""foreignRowIdOrder"":[""rect62Ti1a856fZ7a""]}","Menlo Park, CA",https://www.crunchbase.com/person/ralph-taylor-smith,
Sue Siegel,CEO,"PoC, Female",[object Object],"{""valuesByForeignRowId"":{""rect62Ti1a856fZ7a"":[""Venture Capital""]},""foreignRowIdOrder"":[""rect62Ti1a856fZ7a""]}","Menlo Park, CA",https://www.crunchbase.com/person/sue-siegel,https://www.linkedin.com/in/sue-siegel/
Holly Maloney McConnell,Managing Director,Female,[object Object],"{""valuesByForeignRowId"":{""recJADhENiAqbTnhT"":[""Venture Capital""]},""foreignRowIdOrder"":[""recJADhENiAqbTnhT""]}","Boston, MA",https://www.crunchbase.com/person/holly-maloney,https://www.linkedin.com/in/holly-maloney-7365847/
Katie Hughes,Partner,Female,[object Object],"{""valuesByForeignRowId"":{""recJADhENiAqbTnhT"":[""Venture Capital""]},""foreignRowIdOrder"":[""recJADhENiAqbTnhT""]}","Boston, MA",https://www.crunchbase.com/person/holly-maloney,https://www.crunchbase.com/person/katie-hughes
Kenneth Chenault,Chairman and Managing Director,PoC,[object Object],"{""valuesByForeignRowId"":{""recJADhENiAqbTnhT"":[""Venture Capital""]},""foreignRowIdOrder"":[""recJADhENiAqbTnhT""]}","New York, NY",https://www.crunchbase.com/person/kenneth-i-chenault,https://www.linkedin.com/in/kenneth-i-chenault-a17054167/
Daphne Dufresne,Managing Partner,"PoC, Female",[object Object],"{""valuesByForeignRowId"":{""recLPbp1gJuUOiYy7"":[""Venture Capital""]},""foreignRowIdOrder"":[""recLPbp1gJuUOiYy7""]}","Washington, DC",https://www.crunchbase.com/person/daphne-dufrense,https://www.linkedin.com/in/daphne-dufresne-948471/
Rudina Seseri,Founder & Managing Partner,Female,[object Object],"{""valuesByForeignRowId"":{""recMrQRP4SLhGMTj3"":[""Venture Capital""]},""foreignRowIdOrder"":[""recMrQRP4SLhGMTj3""]}","Boston, MA",https://www.crunchbase.com/person/rudina-seseri,https://www.linkedin.com/in/rudinaseseri/
Sarah Fay,Managing Director,Female,[object Object],"{""valuesByForeignRowId"":{""recMrQRP4SLhGMTj3"":[""Venture Capital""]},""foreignRowIdOrder"":[""recMrQRP4SLhGMTj3""]}","Boston, MA",https://www.crunchbase.com/person/sarah-fay#section-overview,https://www.linkedin.com/in/sarahfayboston/
Sherwin Prior,Managing Director,PoC,[object Object],"{""valuesByForeignRowId"":{""rec2ZXuksw2RtyPAK"":[""Venture Capital""]},""foreignRowIdOrder"":[""rec2ZXuksw2RtyPAK""]}","Detroit, MI",https://www.crunchbase.com/person/sherwin-l-prior,
Jo Ann Corkran,Managing Partner,Female,"[object Object], [object Object], [object Object], [object Object]","{""valuesByForeignRowId"":{""recWAElGne01W4V2w"":[""Angel Network""],""rec8B6d7paCu0R7Rl"":[""Venture Capital""],""rec7U7GbWTgW0Jw4q"":[""Venture Capital""],""recqdYvP2reNi2i0d"":[""Venture Capital""]},""foreignRowIdOrder"":[""recWAElGne01W4V2w"",""rec8B6d7paCu0R7Rl"",""rec7U7GbWTgW0Jw4q"",""recqdYvP2reNi2i0d""]}","New York, NY",https://www.crunchbase.com/person/jo-ann-corkran,
Loretta McCarthy,Managing Partner,Female,[object Object],"{""valuesByForeignRowId"":{""recWAElGne01W4V2w"":[""Angel Network""]},""foreignRowIdOrder"":[""recWAElGne01W4V2w""]}","New York, NY",https://www.crunchbase.com/person/loretta-mccarthy,
Patience Marime-Ball,Managing Partner,"Female, PoC",[object Object],"{""valuesByForeignRowId"":{""recWAElGne01W4V2w"":[""Angel Network""]},""foreignRowIdOrder"":[""recWAElGne01W4V2w""]}","Kensington, MD",https://www.crunchbase.com/person/patience-marime-ball,
Peggy Wallace,Managing Partner,Female,[object Object],"{""valuesByForeignRowId"":{""recWAElGne01W4V2w"":[""Angel Network""]},""foreignRowIdOrder"":[""recWAElGne01W4V2w""]}","New York, NY",https://www.crunchbase.com/person/peggy-wallace,
Una Ryan,Angel,Female,"[object Object], [object Object]","{""valuesByForeignRowId"":{""recqNzSc0rJJcYK9Q"":[""Angel Network""],""recWAElGne01W4V2w"":[""Angel Network""]},""foreignRowIdOrder"":[""recqNzSc0rJJcYK9Q"",""recWAElGne01W4V2w""]}","San Francisco, CA",https://www.crunchbase.com/person/una-s-ryan,
Michelle Jarrard,Managing Director,Female,[object Object],"{""valuesByForeignRowId"":{""reckVqCYhQ5rvnX5Q"":[""Venture Capital""]},""foreignRowIdOrder"":[""reckVqCYhQ5rvnX5Q""]}","Atlanta, GA",https://www.crunchbase.com/person/michelle-jarrard,https://www.linkedin.com/in/michellejarrard
Kathryn Cavanaugh,Partner,Female,[object Object],"{""valuesByForeignRowId"":{""recyr8NgCoc0YGZk3"":[""Venture Capital""]},""foreignRowIdOrder"":[""recyr8NgCoc0YGZk3""]}","New York, NY",https://www.crunchbase.com/person/kathryn-cavanaugh,
Anna Patterson,Co-Founder and Managing Partner,Female,[object Object],"{""valuesByForeignRowId"":{""recPhAWyhDmVyRxgO"":[""Venture Capital""]},""foreignRowIdOrder"":[""recPhAWyhDmVyRxgO""]}","San Francisco, CA",https://www.crunchbase.com/person/anna-patterson,https://www.linkedin.com/in/anna-patterson-15921ba/
Anna Patterson ,Co-Founder and Managing Partner,Female,[object Object],"{""valuesByForeignRowId"":{""recPhAWyhDmVyRxgO"":[""Venture Capital""]},""foreignRowIdOrder"":[""recPhAWyhDmVyRxgO""]}","San Francisco, CA",,
Dana Settle,Co-Founder & Partner,Female,[object Object],"{""valuesByForeignRowId"":{""recZPxQYBZp7x93sP"":[""Venture Capital""]},""foreignRowIdOrder"":[""recZPxQYBZp7x93sP""]}","Seattle, WA",https://www.crunchbase.com/person/dana-settle,https://www.linkedin.com/in/dana-settle-8b18/
Ellie Wheeler,Partner,Female,[object Object],"{""valuesByForeignRowId"":{""recZPxQYBZp7x93sP"":[""Venture Capital""]},""foreignRowIdOrder"":[""recZPxQYBZp7x93sP""]}","New York, NY",https://www.crunchbase.com/person/ellie-wheeler,http://www.linkedin.com/in/elliewheeler
Sarah Guo,Partner,Female,[object Object],"{""valuesByForeignRowId"":{""recwd5cVXBHxyisEi"":[""Venture Capital""]},""foreignRowIdOrder"":[""recwd5cVXBHxyisEi""]}","San Francisco, CA",https://www.crunchbase.com/person/sarah-guo,http://www.linkedin.com/pub/sarah-guo/8/258/538
Jason Towns,Managing Partner,PoC,[object Object],"{""valuesByForeignRowId"":{""recyexf7lWeaRXp2o"":[""Venture Capital""]},""foreignRowIdOrder"":[""recyexf7lWeaRXp2o""]}","Oakland, CA",https://www.crunchbase.com/person/jason-towns,https://www.linkedin.com/in/jasontowns/
Deborah Quazzo,Founder and Managing Partner,Female,[object Object],"{""valuesByForeignRowId"":{""recRNRpNTAvHGjXQT"":[""Venture Capital""]},""foreignRowIdOrder"":[""recRNRpNTAvHGjXQT""]}","Chicago, IL",https://www.crunchbase.com/person/deborah-quazzo,https://www.linkedin.com/in/deborah-quazzo-1343554/
Frederique Dame,General Partner,Female,[object Object],"{""valuesByForeignRowId"":{""recBt3PlMDITRvkru"":[""Venture Capital""]},""foreignRowIdOrder"":[""recBt3PlMDITRvkru""]}","San Francisco, CA",https://www.crunchbase.com/person/frederique-dame,https://www.linkedin.com/in/frederiquedame
Laura Melahn,Partner,Female,[object Object],"{""valuesByForeignRowId"":{""recBt3PlMDITRvkru"":[""Venture Capital""]},""foreignRowIdOrder"":[""recBt3PlMDITRvkru""]}","San Francisco, CA",https://www.crunchbase.com/person/laura-melahn,https://www.linkedin.com/in/lauramelahn
Tyson Clark,Partner,PoC,[object Object],"{""valuesByForeignRowId"":{""recBt3PlMDITRvkru"":[""Venture Capital""]},""foreignRowIdOrder"":[""recBt3PlMDITRvkru""]}","San Francisco, CA",https://www.crunchbase.com/person/tyson-clark,https://www.linkedin.com/in/tysonclark/en
Jessica Verrilli,General Partner,Female,"[object Object], [object Object]","{""valuesByForeignRowId"":{""recWiOyteQD8pXh5k"":[""Angel Network""],""recBt3PlMDITRvkru"":[""Venture Capital""]},""foreignRowIdOrder"":[""recWiOyteQD8pXh5k"",""recBt3PlMDITRvkru""]}","San Francisco, CA",https://www.crunchbase.com/person/jessica-verrilli,http://www.linkedin.com/in/jessicaverrilli
Jesse Draper,Founding Partner,Female,"[object Object], [object Object]","{""valuesByForeignRowId"":{""recyRZPDyRts2G9fs"":[""Angel Network""],""recIycFV4IJPSVxyk"":[""Venture Capital""]},""foreignRowIdOrder"":[""recyRZPDyRts2G9fs"",""recIycFV4IJPSVxyk""]}","Los Angeles, CA",https://www.crunchbase.com/person/jesse-draper,https://www.linkedin.com/in/jessedraper/
Barbara Belvisi,Co-Founder & Managing Partner,Female,[object Object],"{""valuesByForeignRowId"":{""recBJJzvbWtONRguC"":[""Venture Capital""]},""foreignRowIdOrder"":[""recBJJzvbWtONRguC""]}","Paris, France",https://www.crunchbase.com/person/barbara-belvisi,https://www.linkedin.com/in/barbara-belvisi-79242118/
Brandon Bryant,Managing Partner,PoC,[object Object],"{""valuesByForeignRowId"":{""recFk31WeQZQYt8rQ"":[""Venture Capital""]},""foreignRowIdOrder"":[""recFk31WeQZQYt8rQ""]}","New York, NY",https://www.crunchbase.com/person/brandon-bryant,https://www.linkedin.com/in/bbryantwsp/
Henri Pierre-Jacques,Managing Partner,PoC,[object Object],"{""valuesByForeignRowId"":{""recFk31WeQZQYt8rQ"":[""Venture Capital""]},""foreignRowIdOrder"":[""recFk31WeQZQYt8rQ""]}","New York, NY",https://www.crunchbase.com/person/henri-pierre-jacques,https://www.linkedin.com/in/hpierrejacques/
Imafidon Edomwonyi,Managing Partner,PoC,[object Object],"{""valuesByForeignRowId"":{""recFk31WeQZQYt8rQ"":[""Venture Capital""]},""foreignRowIdOrder"":[""recFk31WeQZQYt8rQ""]}","New York, NY",https://www.crunchbase.com/person/imafidon-edomwonyi,https://www.linkedin.com/in/imafidon/
Jarrid Tingle,Managing Partner,PoC,[object Object],"{""valuesByForeignRowId"":{""recFk31WeQZQYt8rQ"":[""Venture Capital""]},""foreignRowIdOrder"":[""recFk31WeQZQYt8rQ""]}","New York, NY",https://www.crunchbase.com/person/jarrid-tingle,https://www.linkedin.com/in/jarrid-tingle/
John Henry,Managing Partner,PoC,[object Object],"{""valuesByForeignRowId"":{""recFk31WeQZQYt8rQ"":[""Venture Capital""]},""foreignRowIdOrder"":[""recFk31WeQZQYt8rQ""]}","New York, NY",https://www.crunchbase.com/person/john-henry-2,https://www.linkedin.com/in/johnhenrystyle/
Winzell Steele Jr.,Managing Partner,PoC,[object Object],"{""valuesByForeignRowId"":{""recFk31WeQZQYt8rQ"":[""Venture Capital""]},""foreignRowIdOrder"":[""recFk31WeQZQYt8rQ""]}","New York, NY",https://www.crunchbase.com/person/winzell-steele-jr,
Mary Potter,Managing Partner,Female,[object Object],"{""valuesByForeignRowId"":{""recykdY18x1UbKDHj"":[""Angel Network""]},""foreignRowIdOrder"":[""recykdY18x1UbKDHj""]}","San Francisco, CA",https://www.crunchbase.com/person/mary-jo-potter,
Anya Schiess,Founder & General Partner,Female,[object Object],"{""valuesByForeignRowId"":{""recz1xufJcJ39q1tQ"":[""Venture Capital""]},""foreignRowIdOrder"":[""recz1xufJcJ39q1tQ""]}","San Francisco, CA",https://www.crunchbase.com/person/anya-schiess,https://www.linkedin.com/in/anyaschiess/
Enmi Kendall,Founder & General Partner,Female,[object Object],"{""valuesByForeignRowId"":{""recz1xufJcJ39q1tQ"":[""Venture Capital""]},""foreignRowIdOrder"":[""recz1xufJcJ39q1tQ""]}","San Francisco, CA",https://www.crunchbase.com/person/enmi-kendall,https://www.linkedin.com/in/eskendall
Lisa Burton,Executive Director,Female,[object Object],"{""valuesByForeignRowId"":{""recnhgPrjaOlC7fMx"":[""Accelerator""]},""foreignRowIdOrder"":[""recnhgPrjaOlC7fMx""]}","New York, NY",https://www.crunchbase.com/organization/hearstlab-36b3,http://linkedin.com/in/lisa-burton
Courtney Hall,Managing Director,PoC,[object Object],"{""valuesByForeignRowId"":{""recFHohknKdWXKd6M"":[""Venture Capital""]},""foreignRowIdOrder"":[""recFHohknKdWXKd6M""]}","New York, NY",https://www.crunchbase.com/person/courtney-hall,https://www.linkedin.com/in/courtney-h-876a154/
Bjorn Simmons,Director,PoC,[object Object],"{""valuesByForeignRowId"":{""recirPRGRGj7cQmRb"":[""Accelerator""]},""foreignRowIdOrder"":[""recirPRGRGj7cQmRb""]}","Cincinnati, OH",https://www.crunchbase.com/person/bjorn-simmons,https://www.linkedin.com/in/bjorn-k-simmons-97885449/
Dhani Jones,Chairman,PoC,"[object Object], [object Object]","{""valuesByForeignRowId"":{""rec2dAizR2CJMHTZC"":[""Venture Capital""],""recirPRGRGj7cQmRb"":[""Accelerator""]},""foreignRowIdOrder"":[""rec2dAizR2CJMHTZC"",""recirPRGRGj7cQmRb""]}","Cincinnati, OH",https://www.crunchbase.com/person/dhani-jones,https://www.linkedin.com/in/dhani-jones-29b58617/
Ebow Vroom,CEO & President of Operations,PoC,"[object Object], [object Object]","{""valuesByForeignRowId"":{""rec2dAizR2CJMHTZC"":[""Venture Capital""],""recirPRGRGj7cQmRb"":[""Accelerator""]},""foreignRowIdOrder"":[""rec2dAizR2CJMHTZC"",""recirPRGRGj7cQmRb""]}","Cincinnati, OH",https://www.crunchbase.com/person/ebow-vroom,https://www.linkedin.com/in/ebowvroom/
Veronica Wu,"Founder, Managing Partner",Female,[object Object],"{""valuesByForeignRowId"":{""recczxPKkRiw1rUFn"":[""Venture Capital""]},""foreignRowIdOrder"":[""recczxPKkRiw1rUFn""]}","Palo Alto, CA",https://www.crunchbase.com/person/veronica-wu,https://www.linkedin.com/in/wuveronica
Irit Hillel,Partner,Female,[object Object],"{""valuesByForeignRowId"":{""recS7WtEjiIRaFVHs"":[""Venture Capital""]},""foreignRowIdOrder"":[""recS7WtEjiIRaFVHs""]}","Tel Aviv, Israel",https://www.crunchbase.com/person/irit-hillel,https://www.linkedin.com/in/irithillel/
Heather Hartnett,General Partner,Female,[object Object],"{""valuesByForeignRowId"":{""recOEuXFcCaltij7V"":[""Venture Capital""]},""foreignRowIdOrder"":[""recOEuXFcCaltij7V""]}","New York, NY",https://www.crunchbase.com/person/heather-hartnett,https://www.linkedin.com/in/heatherhartnett/
Ann Winblad,Founder and Managing Director,Female,[object Object],"{""valuesByForeignRowId"":{""reca6n3wLloyYeynJ"":[""Venture Capital""]},""foreignRowIdOrder"":[""reca6n3wLloyYeynJ""]}","San Francisco, CA",https://www.crunchbase.com/person/ann-winblad,http://www.linkedin.com/in/annwinblad
Elizabeth Yin,,Female,[object Object],"{""valuesByForeignRowId"":{""recf0KE0yDr3mI4xc"":[""Venture Capital""]},""foreignRowIdOrder"":[""recf0KE0yDr3mI4xc""]}","San Francisco, CA",https://www.crunchbase.com/person/elizabeth-yin,http://www.linkedin.com/in/elizabethyin
Eric Bahn,General Partner and Co-Founder,Female,[object Object],"{""valuesByForeignRowId"":{""recf0KE0yDr3mI4xc"":[""Venture Capital""]},""foreignRowIdOrder"":[""recf0KE0yDr3mI4xc""]}","San Carlos, CA",,
Shiyan Koh,General Partner,"LGBTQ, Female, PoC",[object Object],"{""valuesByForeignRowId"":{""recf0KE0yDr3mI4xc"":[""Venture Capital""]},""foreignRowIdOrder"":[""recf0KE0yDr3mI4xc""]}","San Francisco, CA",,https://www.linkedin.com/in/shiyankoh/
Wendy Lung,Partner,Female,[object Object],"{""valuesByForeignRowId"":{""recerMeoqbTO5pIcY"":[""Venture Capital""]},""foreignRowIdOrder"":[""recerMeoqbTO5pIcY""]}","San Francisco, CA",https://www.crunchbase.com/person/wendy-lung,https://www.linkedin.com/in/wendy-lung-27bb5721/
Olawale Ayeni,Senior Investment Officer,PoC,[object Object],"{""valuesByForeignRowId"":{""recRgz0Zo3huv7iB6"":[""Venture Capital""]},""foreignRowIdOrder"":[""recRgz0Zo3huv7iB6""]}","San Francisco, CA",https://www.crunchbase.com/person/wale-ayeni,
Preeti Rathi,Partner,Female,[object Object],"{""valuesByForeignRowId"":{""recjHWwWVBynCTC8S"":[""Venture Capital""]},""foreignRowIdOrder"":[""recjHWwWVBynCTC8S""]}","San Francisco, CA",https://www.crunchbase.com/person/preeti-rathi,https://www.linkedin.com/in/prathi/
Alexis Yongmei Ji,Partner,Female,[object Object],"{""valuesByForeignRowId"":{""rec5t8v1kWVVSbtCQ"":[""Venture Capital""]},""foreignRowIdOrder"":[""rec5t8v1kWVVSbtCQ""]}","San Francisco, CA",https://www.crunchbase.com/person/alexis-yongmei-ji,https://www.linkedin.com/in/yongmeiji
Cindy Padnos,"Founder, Managing Partner",Female,[object Object],"{""valuesByForeignRowId"":{""recVva2I2eCPkR9y4"":[""Venture Capital""]},""foreignRowIdOrder"":[""recVva2I2eCPkR9y4""]}","Oakland, CA",https://www.crunchbase.com/person/cindy-padnos,http://www.linkedin.com/in/cindypadnos
Richard Parsons,Co-founder & Partner,PoC,[object Object],"{""valuesByForeignRowId"":{""recrusy8YDieg3MHP"":[""Venture Capital""]},""foreignRowIdOrder"":[""recrusy8YDieg3MHP""]}","New York, NY",https://www.crunchbase.com/person/richard-parsons,https://www.linkedin.com/in/richard-parsons-18a9a24/
Kesha Cash,Managing Partner,"PoC, Female",[object Object],"{""valuesByForeignRowId"":{""recoXQuTAigXewraV"":[""Venture Capital""]},""foreignRowIdOrder"":[""recoXQuTAigXewraV""]}","New York, NY",https://www.crunchbase.com/person/kesha-cash,https://www.linkedin.com/in/keshacash
Swati Mylavarapu,Managing Partner,Female,[object Object],"{""valuesByForeignRowId"":{""rec5dHzX17zGc7GjN"":[""Angel""]},""foreignRowIdOrder"":[""rec5dHzX17zGc7GjN""]}","Burlingame, CA",https://www.crunchbase.com/person/swati-mylavarapu,
Nina Achadjian,Principal,Female,[object Object],"{""valuesByForeignRowId"":{""recPtSI3dcfgqYXix"":[""Venture Capital""]},""foreignRowIdOrder"":[""recPtSI3dcfgqYXix""]}",,,https://www.linkedin.com/in/nina-achadjian-00aa1812/
Sarah Cannon,Partner,Female,[object Object],"{""valuesByForeignRowId"":{""recPtSI3dcfgqYXix"":[""Venture Capital""]},""foreignRowIdOrder"":[""recPtSI3dcfgqYXix""]}","San Francisco, CA",https://www.crunchbase.com/person/sarah-cannon,https://www.linkedin.com/in/cannonsarah/
Lindsay Sharma,Managing Director,Female,[object Object],"{""valuesByForeignRowId"":{""recxrXUcpA1w2nVP7"":[""Venture Capital""]},""foreignRowIdOrder"":[""recxrXUcpA1w2nVP7""]}","San Francisco, CA",,https://www.linkedin.com/in/lindsay-sharma/
Alda Dennis,General Partner,Female,[object Object],"{""valuesByForeignRowId"":{""recPOdkgCG4H1Yt7V"":[""Venture Capital""]},""foreignRowIdOrder"":[""recPOdkgCG4H1Yt7V""]}",,https://www.crunchbase.com/person/alda-leu-dennis#section-overview,https://www.linkedin.com/in/aldadennis/
Jennifer Wolf,COO and Partner,Female,[object Object],"{""valuesByForeignRowId"":{""recPOdkgCG4H1Yt7V"":[""Venture Capital""]},""foreignRowIdOrder"":[""recPOdkgCG4H1Yt7V""]}",,,http://linkedin.com/in/jenhwolf
Anika Agarwal,Managing Director,Female,[object Object],"{""valuesByForeignRowId"":{""recUg5jD0m1GcgT5x"":[""Venture Capital""]},""foreignRowIdOrder"":[""recUg5jD0m1GcgT5x""]}","New York, NY",https://www.crunchbase.com/person/anika-agarwal,https://www.linkedin.com/pub/anika-agarwal/13/609/781
Insiyah Saeed,Angel,Female,[object Object],"{""valuesByForeignRowId"":{""recfvxbr6AzxH3YLM"":[""Angel""]},""foreignRowIdOrder"":[""recfvxbr6AzxH3YLM""]}","Palo Alto, CA",,
Christine Herron,Investment Director,Female,[object Object],"{""valuesByForeignRowId"":{""recdi7sfD0b6rnyhH"":[""Venture Capital""]},""foreignRowIdOrder"":[""recdi7sfD0b6rnyhH""]}","San Francisco, CA",https://www.crunchbase.com/person/christine-herron,http://www.linkedin.com/in/christineherron
Trina Van Pelt,"Vice President, Managing Director",Female,[object Object],"{""valuesByForeignRowId"":{""recdi7sfD0b6rnyhH"":[""Venture Capital""]},""foreignRowIdOrder"":[""recdi7sfD0b6rnyhH""]}","San Francisco, CA",https://www.crunchbase.com/person/trina-van,https://www.linkedin.com/in/trinavanpelt/
Farah Champsi,Managing Director,Female,[object Object],"{""valuesByForeignRowId"":{""reccrqpWBWMh1rNNr"":[""Venture Capital""]},""foreignRowIdOrder"":[""reccrqpWBWMh1rNNr""]}","San Francisco, CA",https://www.crunchbase.com/person/farah-champsi,https://www.linkedin.com/in/farah-champsi-21123066/
Jennifer Neundorfer,General Partner,Female,[object Object],"{""valuesByForeignRowId"":{""reclwkzfN8rdW0CPG"":[""Venture Capital""]},""foreignRowIdOrder"":[""reclwkzfN8rdW0CPG""]}","Cleveland, OH, Boston, MA",https://www.crunchbase.com/person/jennifer-keiser-neundorfer,https://www.linkedin.com/in/jkneundorfer/
Maren Bannon,General Partner,Female,[object Object],"{""valuesByForeignRowId"":{""reclwkzfN8rdW0CPG"":[""Venture Capital""]},""foreignRowIdOrder"":[""reclwkzfN8rdW0CPG""]}","London, United Kingdom",https://www.crunchbase.com/person/maren-bannon,https://www.linkedin.com/in/marenbannon/
Shawn Carter,Angel,PoC,[object Object],"{""valuesByForeignRowId"":{""recldjoNJaEJNYnJZ"":[""Angel""]},""foreignRowIdOrder"":[""recldjoNJaEJNYnJZ""]}","New York, NY",https://www.crunchbase.com/person/shawn-carter,
Rain Cui,Director,Female,[object Object],"{""valuesByForeignRowId"":{""recF2Pu9GUdhIEpdB"":[""Venture Capital""]},""foreignRowIdOrder"":[""recF2Pu9GUdhIEpdB""]}","San Francisco, CA",https://www.crunchbase.com/person/rain-cui-phd,https://www.linkedin.com/in/raincui
Bonny Simi,President,Female,[object Object],"{""valuesByForeignRowId"":{""rec6QWFbA1HtT3VBw"":[""Venture Capital""]},""foreignRowIdOrder"":[""rec6QWFbA1HtT3VBw""]}","San Francisco, CA",https://www.crunchbase.com/person/bonny-simi,https://www.linkedin.com/in/bonnysimi/
Jeanne Bolger,Vice President,Female,[object Object],"{""valuesByForeignRowId"":{""recNXFK2Mj6LsCbjJ"":[""Venture Capital""]},""foreignRowIdOrder"":[""recNXFK2Mj6LsCbjJ""]}","London, United Kingdom",https://www.crunchbase.com/person/jeanne-bolger,https://www.linkedin.com/in/jeanne-bolger-166b45a/
Marian Nakada,Vice President,Female,[object Object],"{""valuesByForeignRowId"":{""recNXFK2Mj6LsCbjJ"":[""Venture Capital""]},""foreignRowIdOrder"":[""recNXFK2Mj6LsCbjJ""]}","Cambridge, MA",https://www.crunchbase.com/person/marian-nakada,https://www.linkedin.com/in/marian-nakada-ph-d-6624a01/
Renee Ryan,Vice President,Female,[object Object],"{""valuesByForeignRowId"":{""recNXFK2Mj6LsCbjJ"":[""Venture Capital""]},""foreignRowIdOrder"":[""recNXFK2Mj6LsCbjJ""]}","San Francisco, CA",https://www.crunchbase.com/person/renee-ryan,https://www.linkedin.com/in/renee-ryan-251b161/
Stacy Feld,"Vice President, Consumer Venture Investments",Female,[object Object],"{""valuesByForeignRowId"":{""recNXFK2Mj6LsCbjJ"":[""Venture Capital""]},""foreignRowIdOrder"":[""recNXFK2Mj6LsCbjJ""]}","San Francisco, CA",https://www.crunchbase.com/person/stacy-feld,https://www.linkedin.com/in/stacy-feld-0061141/
Paul Judge,Founding Partners,PoC,"[object Object], [object Object]","{""valuesByForeignRowId"":{""recazmWNSCVfNTO5E"":[""Venture Capital""],""rec8gOvZoxuuz9Jr3"":[""Venture Capital""]},""foreignRowIdOrder"":[""recazmWNSCVfNTO5E"",""rec8gOvZoxuuz9Jr3""]}","Atlanta, GA",https://www.crunchbase.com/person/dr-paul-judge,http://www.linkedin.com/in/paulqjudge
Elizabeth de Saint-Aignan,"Partner, Jump Capital Growth",Female,[object Object],"{""valuesByForeignRowId"":{""rec9t07hg7PcYhoP4"":[""Venture Capital""]},""foreignRowIdOrder"":[""rec9t07hg7PcYhoP4""]}","Boston, MA",https://www.crunchbase.com/person/elizabeth-de-saint-aignan,https://www.linkedin.com/in/elizabeth-de-saint-aignan-b781ba/
Marcus Whitney,Founding Partner,PoC,[object Object],"{""valuesByForeignRowId"":{""rec5psjU20gWbKeyu"":[""Accelerator""]},""foreignRowIdOrder"":[""rec5psjU20gWbKeyu""]}","Nashville, TN",https://www.crunchbase.com/person/marcus-whitney,http://www.linkedin.com/in/marcuswhitney
Danielle Morris,"Controller, Partner, Revenue & Compliance Management","PoC, Female",[object Object],"{""valuesByForeignRowId"":{""recK2Vt5VKUPCFlEu"":[""Venture Capital""]},""foreignRowIdOrder"":[""recK2Vt5VKUPCFlEu""]}","Cleveland, OH",https://www.crunchbase.com/person/danielle-morris,https://www.linkedin.com/in/danielle-morris-10422a6/
Minal Hasan,Founder & Managing Partner,Female,[object Object],"{""valuesByForeignRowId"":{""recHlReRcl8WJSaiY"":[""Venture Capital""]},""foreignRowIdOrder"":[""recHlReRcl8WJSaiY""]}","San Francisco, CA",https://www.crunchbase.com/person/minal-hasan,https://www.linkedin.com/in/minalhasan/
Katie Shea,Partner,Female,[object Object],"{""valuesByForeignRowId"":{""rec4NWKTVBao2le52"":[""Venture Capital""]},""foreignRowIdOrder"":[""rec4NWKTVBao2le52""]}","New York, NY",https://www.crunchbase.com/person/katie-shea-2,
Amy Belt Raimundo,Managing Director,Female,[object Object],"{""valuesByForeignRowId"":{""recF3cxzPl47cDx7R"":[""Venture Capital""]},""foreignRowIdOrder"":[""recF3cxzPl47cDx7R""]}","San Francisco, CA",https://www.crunchbase.com/person/amy-belt,https://www.linkedin.com/in/amy-belt-raimundo-ab5a741/
Benjamin Jealous,Partner,PoC,[object Object],"{""valuesByForeignRowId"":{""recMSmHjtbkMLFwU9"":[""Family Office"",""Venture Capital""]},""foreignRowIdOrder"":[""recMSmHjtbkMLFwU9""]}","Baltimore, MD",https://www.crunchbase.com/person/benjamin-jealous,http://www.linkedin.com/in/benjamintoddjealous/en
Brian Dixon,Partner,PoC,[object Object],"{""valuesByForeignRowId"":{""recMSmHjtbkMLFwU9"":[""Family Office"",""Venture Capital""]},""foreignRowIdOrder"":[""recMSmHjtbkMLFwU9""]}","San Francisco, CA",https://www.crunchbase.com/person/brian-dixon-2,http://www.linkedin.com/in/dixonb
Ulili Onovakpuri,Partner,"PoC, Female",[object Object],"{""valuesByForeignRowId"":{""recMSmHjtbkMLFwU9"":[""Family Office"",""Venture Capital""]},""foreignRowIdOrder"":[""recMSmHjtbkMLFwU9""]}","San Francisco, CA",https://www.crunchbase.com/person/ulili-onovakpuri,
Susan Choe,"Founder, General Partner",Female,"[object Object], [object Object]","{""valuesByForeignRowId"":{""rec7eOnV9OtXBzzT5"":[""Venture Capital""],""recSTNFm5ttD1PppJ"":[""Venture Capital""]},""foreignRowIdOrder"":[""rec7eOnV9OtXBzzT5"",""recSTNFm5ttD1PppJ""]}","San Francisco, CA",https://www.crunchbase.com/person/susan-choe,https://www.linkedin.com/in/choesusan
Nishita Cummings,Partner,Female,[object Object],"{""valuesByForeignRowId"":{""rectytgFhT00UkKgC"":[""Venture Capital""]},""foreignRowIdOrder"":[""rectytgFhT00UkKgC""]}","Los Angeles, CA",https://www.crunchbase.com/person/nishita-pawar,https://www.linkedin.com/in/nishita-cummings-aa1a131b
Kingsley R. Chin,Managing Partner & CEO,PoC,[object Object],"{""valuesByForeignRowId"":{""rect2nWibe3G4kqn6"":[""Venture Capital""]},""foreignRowIdOrder"":[""rect2nWibe3G4kqn6""]}","Miami, FL",https://www.crunchbase.com/person/kingsley-r-chin,https://www.linkedin.com/in/kingsleychin
Lynn Cho O'Keefe,Partner,Female,[object Object],"{""valuesByForeignRowId"":{""recm199xLEiShov5k"":[""Venture Capital""]},""foreignRowIdOrder"":[""recm199xLEiShov5k""]}","San Francisco, CA",https://www.crunchbase.com/person/lynne-chou-o-keefe,
Lynne Chou O'Keefe,"Partner, Life Sciences Group",Female,[object Object],"{""valuesByForeignRowId"":{""recm199xLEiShov5k"":[""Venture Capital""]},""foreignRowIdOrder"":[""recm199xLEiShov5k""]}","San Francisco, CA",https://www.crunchbase.com/person/lynne-chou-o-keefe,https://www.linkedin.com/in/lynne-chou-o-keefe-5617a/
Mary Meeker,General Partner,Female,[object Object],"{""valuesByForeignRowId"":{""recm199xLEiShov5k"":[""Venture Capital""]},""foreignRowIdOrder"":[""recm199xLEiShov5k""]}","Menlo Park, CA",https://www.crunchbase.com/person/mary-meeker,https://www.linkedin.com/in/mary-meeker-5823ba48/
Linda Oramasionwu,Partner,"PoC, Female",[object Object],"{""valuesByForeignRowId"":{""rec5DdUPU9Vw8tDuT"":[""Venture Capital""]},""foreignRowIdOrder"":[""rec5DdUPU9Vw8tDuT""]}","Washington, DC",https://www.crunchbase.com/person/linda-oramasionwu,https://www.linkedin.com/in/linda-oramasionwu-6a034217/
Geri Kirilova,Principal,Female,[object Object],"{""valuesByForeignRowId"":{""recWewtoaZcctGgor"":[""Venture Capital""]},""foreignRowIdOrder"":[""recWewtoaZcctGgor""]}","New York, NY",https://www.crunchbase.com/organization/laconia-capitalgroup,https://www.linkedin.com/in/gerikirilova/
Faran Nouri,,Female,[object Object],"{""valuesByForeignRowId"":{""recxeXoama2FVwAgq"":[""Venture Capital""]},""foreignRowIdOrder"":[""recxeXoama2FVwAgq""]}","San Francisco, CA",https://www.crunchbase.com/person/faran-nouri,https://www.linkedin.com/in/faran-nouri-a544291/
Vanessa Pestritto,Partner,"PoC, Female",[object Object],"{""valuesByForeignRowId"":{""reckNEp6SxmoyVAqS"":[""Venture Capital""]},""foreignRowIdOrder"":[""reckNEp6SxmoyVAqS""]}","New York, NY",https://www.crunchbase.com/person/lauren-maillian-bias,
Lauren Bias,Angel,"PoC, Female",[object Object],"{""valuesByForeignRowId"":{""reccCl1pF9pLiUP4v"":[""Angel""]},""foreignRowIdOrder"":[""reccCl1pF9pLiUP4v""]}","New York, NY",https://www.crunchbase.com/person/lauren-maillian-bias,
Maia Sharpley,Partner,"Female, PoC",[object Object],"{""valuesByForeignRowId"":{""recPNVpzkvtE3SkY5"":[""Venture Capital""]},""foreignRowIdOrder"":[""recPNVpzkvtE3SkY5""]}","San Francisco, CA",https://www.crunchbase.com/person/maia-sharpley,https://www.linkedin.com/in/maiasharpley/
Jodi Hubler,Managing Director,Female,[object Object],"{""valuesByForeignRowId"":{""recg6vzXBsSCInsn3"":[""Venture Capital""]},""foreignRowIdOrder"":[""recg6vzXBsSCInsn3""]}","Minneapolis, MN",https://www.crunchbase.com/person/jodi-hubler,http://www.linkedin.com/pub/jodi-hubler/0/ba8/64a
Helen Zelman Boniske,"Co-Founder, Partner",Female,[object Object],"{""valuesByForeignRowId"":{""recLgJJSEqmiSB9FF"":[""Venture Capital""]},""foreignRowIdOrder"":[""recLgJJSEqmiSB9FF""]}","San Francisco, CA",https://www.crunchbase.com/person/helen-zelman,http://www.linkedin.com/in/helenzelman
Andrea Hippeau,Principal,Female,[object Object],"{""valuesByForeignRowId"":{""recEXExHU5aF9bKtm"":[""Venture Capital""]},""foreignRowIdOrder"":[""recEXExHU5aF9bKtm""]}","New York, NY",https://www.crunchbase.com/person/andrea-hippeau,https://www.linkedin.com/in/andrea-hippeau-64658227/
Nicole Quinn,Partner,Female,[object Object],"{""valuesByForeignRowId"":{""recrgTFuLJwCow9Bi"":[""Venture Capital""]},""foreignRowIdOrder"":[""recrgTFuLJwCow9Bi""]}","San Francisco, CA",https://www.crunchbase.com/person/nicole-quinn,https://www.linkedin.com/in/nicole-quinn-a5435114/
Jean George,General Partner,Female,[object Object],"{""valuesByForeignRowId"":{""recK1FLszI7UzVf1Y"":[""Venture Capital""]},""foreignRowIdOrder"":[""recK1FLszI7UzVf1Y""]}","Boston, MA",https://www.crunchbase.com/person/jean-george,http://www.linkedin.com/pub/jean-george/b/669/178
Juliet Tammenoms Bakker,Managing Director,Female,[object Object],"{""valuesByForeignRowId"":{""recys4fiLmrQIaHRj"":[""Venture Capital""]},""foreignRowIdOrder"":[""recys4fiLmrQIaHRj""]}","New York, NY",https://www.crunchbase.com/person/juliet-tammenoms-bakker,https://www.linkedin.com/in/juliet-tammenoms-bakker-2a8a6240/
Lorine Pendleton,Angel,"PoC, Female",[object Object],"{""valuesByForeignRowId"":{""recdHhtYNf51EuAQY"":[""Angel""]},""foreignRowIdOrder"":[""recdHhtYNf51EuAQY""]}","New York, NY",https://www.crunchbase.com/person/lorine-pendleton,https://www.linkedin.com/in/lorinependleton/
David Hunegnaw,Partner,PoC,[object Object],"{""valuesByForeignRowId"":{""recoGBL3k8tAjsYAS"":[""Venture Capital""]},""foreignRowIdOrder"":[""recoGBL3k8tAjsYAS""]}","Columbus, OH",https://www.crunchbase.com/person/david-hunegnaw,http://www.linkedin.com/in/hunegnaw
Renata Quintini,Partner,"Female, PoC",[object Object],"{""valuesByForeignRowId"":{""recTniJUD5FQ6atm0"":[""Venture Capital""]},""foreignRowIdOrder"":[""recTniJUD5FQ6atm0""]}","San Francisco, CA",https://www.crunchbase.com/person/renata-quintini,http://www.linkedin.com/pub/renata-quintini/0/a19/949
Elliot Robinson,Partner,PoC,[object Object],"{""valuesByForeignRowId"":{""recgpXdphBErjxRZQ"":[""Venture Capital""]},""foreignRowIdOrder"":[""recgpXdphBErjxRZQ""]}","San Francisco, CA",https://www.crunchbase.com/person/elliott-robinson#section-overview,
Leo de Luna,"General Manager, Managing Director",PoC,[object Object],"{""valuesByForeignRowId"":{""recgpXdphBErjxRZQ"":[""Venture Capital""]},""foreignRowIdOrder"":[""recgpXdphBErjxRZQ""]}","New York, NY, San Francisco, CA",,https://www.linkedin.com/in/leo-de-luna-313226/
Lisa Nelson,Managing Director,Female,[object Object],"{""valuesByForeignRowId"":{""recgpXdphBErjxRZQ"":[""Venture Capital""]},""foreignRowIdOrder"":[""recgpXdphBErjxRZQ""]}","Seattle, WA",https://www.crunchbase.com/person/lisa-nelson-2,https://www.linkedin.com/in/lisa-nelson-26233a1/
Rashmi Gopinath,General Partner,Female,[object Object],"{""valuesByForeignRowId"":{""recgpXdphBErjxRZQ"":[""Venture Capital""]},""foreignRowIdOrder"":[""recgpXdphBErjxRZQ""]}","San Francisco, CA",https://www.crunchbase.com/person/rashmi-gopinath,https://www.linkedin.com/in/rashmigopinath/
Ryan Smith,Director of Venture Capital and Private Equity ,PoC,[object Object],"{""valuesByForeignRowId"":{""recbcUGbqHTQi1JIf"":[""Venture Capital""]},""foreignRowIdOrder"":[""recbcUGbqHTQi1JIf""]}","Los Angeles, CA",https://www.crunchbase.com/person/noramay-cadena,
Noramay Cadena,Managing Director,"PoC, Female",[object Object],"{""valuesByForeignRowId"":{""rec9hFHExMHeD65Ub"":[""Accelerator""]},""foreignRowIdOrder"":[""rec9hFHExMHeD65Ub""]}","Los Angeles, CA",https://www.crunchbase.com/person/noramay-cadena,https://www.linkedin.com/in/noramay
Rashaun Williams,General Partner (The All-Star Fund),PoC,[object Object],"{""valuesByForeignRowId"":{""recMrVjemnpa6cnMp"":[""Venture Capital""]},""foreignRowIdOrder"":[""recMrVjemnpa6cnMp""]}","Los Angeles, CA",https://www.crunchbase.com/person/rashaun-williams-2,https://www.linkedin.com/in/rashaunlwilliams/
Dana Wright,Partner,Female,[object Object],"{""valuesByForeignRowId"":{""rec2NnI8vtGmWtfgI"":[""Venture Capital""]},""foreignRowIdOrder"":[""rec2NnI8vtGmWtfgI""]}","Chicago, IL",https://www.crunchbase.com/person/dana-wright,https://www.linkedin.com/in/dlwright
Alexa McLain,Partner,Female,[object Object],"{""valuesByForeignRowId"":{""recN8Ww7y3KfI6m0Q"":[""Venture Capital""]},""foreignRowIdOrder"":[""recN8Ww7y3KfI6m0Q""]}","San Francisco, CA",https://www.crunchbase.com/person/alexa-mclain,https://www.linkedin.com/in/alexamclain/
Antonio Rodriguez,General Partner,PoC,[object Object],"{""valuesByForeignRowId"":{""recN8Ww7y3KfI6m0Q"":[""Venture Capital""]},""foreignRowIdOrder"":[""recN8Ww7y3KfI6m0Q""]}","Boston, MA",https://www.crunchbase.com/person/antonio-rodriguez,http://www.linkedin.com/in/antrod
Anarghya Vardhana,General Partner,Female,[object Object],"{""valuesByForeignRowId"":{""rec0WS9EKxXUh4Xgb"":[""Venture Capital""]},""foreignRowIdOrder"":[""rec0WS9EKxXUh4Xgb""]}","San Francisco, CA",https://www.crunchbase.com/person/anarghya-vardhana,https://www.linkedin.com/in/anarghya-vardhana-b8540a27/
Jessica Peltz-Zatulove,Partner,Female,[object Object],"{""valuesByForeignRowId"":{""recHgOiGAIitlUY7O"":[""Venture Capital""]},""foreignRowIdOrder"":[""recHgOiGAIitlUY7O""]}","New York, NY",https://www.crunchbase.com/person/jessica-peltz,https://www.linkedin.com/in/jessicapeltz
Michael Thompson,Founder & Managing Director,PoC,[object Object],"{""valuesByForeignRowId"":{""recSNgyQGjId7fXmR"":[""Venture Capital""]},""foreignRowIdOrder"":[""recSNgyQGjId7fXmR""]}","Chicago, IL",https://www.crunchbase.com/person/michael-thompson-1f6f,https://www.linkedin.com/in/mthompsond3/
Carmelo Anthony,Co-founder & Partner,PoC,[object Object],"{""valuesByForeignRowId"":{""recgEyxaS5NUBxvDV"":[""Venture Capital""]},""foreignRowIdOrder"":[""recgEyxaS5NUBxvDV""]}","New York, NY",https://www.crunchbase.com/person/carmelo-anthony,
Naomi Pilsof Ionita,Partner,Female,[object Object],"{""valuesByForeignRowId"":{""recey3R0QhQUva2cL"":[""Venture Capital""]},""foreignRowIdOrder"":[""recey3R0QhQUva2cL""]}","San Francisco, CA",https://www.crunchbase.com/person/naomi-pilosof-ionita,
Alexsis de Raadt-St. James,Managing General Partner,Female,[object Object],"{""valuesByForeignRowId"":{""rec1iiN8yct54D1Ke"":[""Venture Capital""]},""foreignRowIdOrder"":[""rec1iiN8yct54D1Ke""]}","San Francisco, CA",https://www.crunchbase.com/person/alexsis-de-raadt-st-james,https://www.linkedin.com/in/alexsis-de-raadt-st-james-7230a2a
Merritt Hummer,"Angel, Principal",Female,"[object Object], [object Object]","{""valuesByForeignRowId"":{""reclTErOpBlo0d15b"":[""Angel""],""recoJJnqLUJ2xyFxd"":[""Venture Capital""]},""foreignRowIdOrder"":[""reclTErOpBlo0d15b"",""recoJJnqLUJ2xyFxd""]}","New York, NY",,https://www.linkedin.com/in/merritt-hummer-aa187712/
Clelia Peters,Co-founder & Partner,Female,[object Object],"{""valuesByForeignRowId"":{""recNQUmWho7cQ6bum"":[""Venture Capital""]},""foreignRowIdOrder"":[""recNQUmWho7cQ6bum""]}","New York, NY",https://www.crunchbase.com/person/clelia-peters,
Crystal McKellar,Managing Director,Female,[object Object],"{""valuesByForeignRowId"":{""recz2vGUFxTJ76LzM"":[""Venture Capital""]},""foreignRowIdOrder"":[""recz2vGUFxTJ76LzM""]}","San Francisco, CA",https://www.crunchbase.com/person/crystal-mckellar,https://www.linkedin.com/in/crystal-mckellar-08562a3/
Karen Buckner,Partner,Female,[object Object],"{""valuesByForeignRowId"":{""recpnzxHq0fTCfs28"":[""Venture Capital""]},""foreignRowIdOrder"":[""recpnzxHq0fTCfs28""]}","Chicago, IL",https://www.crunchbase.com/person/karen-buckner,http://www.linkedin.com/pub/karen-buckner/3/2ab/ab9
Constance Freedman,"Founder, Managing Partner",Female,[object Object],"{""valuesByForeignRowId"":{""recNtbjTQ7oxmgFhf"":[""Venture Capital""]},""foreignRowIdOrder"":[""recNtbjTQ7oxmgFhf""]}","Chicago, IL",https://www.crunchbase.com/person/constance-freedman,http://www.linkedin.com/in/cfreedman
Monique Villa,Associate,"Female, PoC",[object Object],"{""valuesByForeignRowId"":{""recDnCTvtuvRHtD3w"":[""Venture Capital""]},""foreignRowIdOrder"":[""recDnCTvtuvRHtD3w""]}","Nashville, TN",https://www.crunchbase.com/organization/muckercapital,https://www.linkedin.com/in/moniquevilla/
Jacqueline LeSage Krause,Managing Director,Female,[object Object],"{""valuesByForeignRowId"":{""reclJlyXRRHW1hqZy"":[""Venture Capital""]},""foreignRowIdOrder"":[""reclJlyXRRHW1hqZy""]}","San Francisco, CA",https://www.crunchbase.com/person/jacqueline-lesage-krause,https://www.linkedin.com/in/jacquelinelesagekrause/
Connie Sheng,"Co-Founder, Managing Director",Female,[object Object],"{""valuesByForeignRowId"":{""recfqjKJ61iH4ChrN"":[""Venture Capital""]},""foreignRowIdOrder"":[""recfqjKJ61iH4ChrN""]}","San Francisco, CA",https://www.crunchbase.com/person/connie-sheng,https://www.linkedin.com/in/connie-sheng-4045a/
Lindsay Karas,Operating Partner -  Chief Legal ,Female,[object Object],"{""valuesByForeignRowId"":{""rec6QvlwKxCcitgcG"":[""Venture Capital""]},""foreignRowIdOrder"":[""rec6QvlwKxCcitgcG""]}","Columbus, OH",https://www.crunchbase.com/person/lindsay-karas,https://www.linkedin.com/in/lindsaykaras/
Ivan Alo,Co-founder & Managing Partner,PoC,[object Object],"{""valuesByForeignRowId"":{""recXWrKYGAV3Whuxh"":[""Venture Capital""]},""foreignRowIdOrder"":[""recXWrKYGAV3Whuxh""]}","New York, NY",https://www.crunchbase.com/person/ivan-alo,https://www.linkedin.com/in/ivan-alo-a0246631/
Carmen Chang,"General Partner, Chairman and Head, Asia",Female,[object Object],"{""valuesByForeignRowId"":{""rec9aQiNqsw2PvOKm"":[""Venture Capital""]},""foreignRowIdOrder"":[""rec9aQiNqsw2PvOKm""]}","San Francisco, CA",https://www.crunchbase.com/person/carmen-chang,https://www.linkedin.com/pub/carmen-chang/11/222/942
Carol Gallagher,Partner,Female,[object Object],"{""valuesByForeignRowId"":{""rec9aQiNqsw2PvOKm"":[""Venture Capital""]},""foreignRowIdOrder"":[""rec9aQiNqsw2PvOKm""]}","San Diego, CA",https://www.crunchbase.com/person/carol-gallagher,http://www.linkedin.com/pub/carol-gallagher/2/598/792
Dayna Grayson,Partner,Female,[object Object],"{""valuesByForeignRowId"":{""rec9aQiNqsw2PvOKm"":[""Venture Capital""]},""foreignRowIdOrder"":[""rec9aQiNqsw2PvOKm""]}","Washington, DC",https://www.crunchbase.com/person/dayna-grayson,https://www.linkedin.com/pub/dayna-grayson/0/750/15/
Sara Nayeem,Partner,Female,[object Object],"{""valuesByForeignRowId"":{""rec9aQiNqsw2PvOKm"":[""Venture Capital""]},""foreignRowIdOrder"":[""rec9aQiNqsw2PvOKm""]}","Washington, DC",https://www.crunchbase.com/person/sara-nayeem,http://www.linkedin.com/pub/sara-nayeem/15/928/26b
Vanessa Larco,Partner,"Female, PoC",[object Object],"{""valuesByForeignRowId"":{""rec9aQiNqsw2PvOKm"":[""Venture Capital""]},""foreignRowIdOrder"":[""rec9aQiNqsw2PvOKm""]}","San Francisco, CA",https://www.crunchbase.com/person/vanessa-larco,https://www.linkedin.com/in/vanessalarco
Melissa Taunton,Partner,Female,"[object Object], [object Object]","{""valuesByForeignRowId"":{""recyRZPDyRts2G9fs"":[""Angel Network""],""rec9aQiNqsw2PvOKm"":[""Venture Capital""]},""foreignRowIdOrder"":[""recyRZPDyRts2G9fs"",""rec9aQiNqsw2PvOKm""]}","San Francisco, CA",https://www.crunchbase.com/person/melissa-taunton,https://www.linkedin.com/pub/melissa-taunton/12/90/549
Jeani Delagardelle,Managing Director,Female,[object Object],"{""valuesByForeignRowId"":{""recdw4rmC9LlZcWEQ"":[""Venture Capital""]},""foreignRowIdOrder"":[""recdw4rmC9LlZcWEQ""]}","San Francisco, CA",https://www.crunchbase.com/person/jeani-delagardelle,http://www.linkedin.com/pub/jeani-delagardelle/6/82a/52b
Elizabeth Wills Chou,Partner,Female,[object Object],"{""valuesByForeignRowId"":{""rec1WpozNa5aJ9ok2"":[""Venture Capital""]},""foreignRowIdOrder"":[""rec1WpozNa5aJ9ok2""]}","Hartford, CT",https://www.crunchbase.com/person/elizabeth-wills-chou,https://www.linkedin.com/in/elizabethwillschou/
Angela Benton,Founder & CEO,"Female, PoC","[object Object], [object Object]","{""valuesByForeignRowId"":{""recz3jrS1jbovZxRE"":[""Accelerator""],""rechsJyN9z9JgMG5G"":[""Venture Capital""]},""foreignRowIdOrder"":[""recz3jrS1jbovZxRE"",""rechsJyN9z9JgMG5G""]}","San Francisco, CA",https://www.crunchbase.com/person/angela-benton,http://www.linkedin.com/in/abenton
Eva Riesenhuber,Partner & CFO,Female,[object Object],"{""valuesByForeignRowId"":{""recOVk2WkZlnDHD78"":[""Venture Capital""]},""foreignRowIdOrder"":[""recOVk2WkZlnDHD78""]}","Munich, Germany",https://www.crunchbase.com/person/eva-riesenhuber,https://www.linkedin.com/in/dr-eva-riesenhuber-93b22767/
Susana Quintana-Plaza,Partner,Female,[object Object],"{""valuesByForeignRowId"":{""recOVk2WkZlnDHD78"":[""Venture Capital""]},""foreignRowIdOrder"":[""recOVk2WkZlnDHD78""]}","London, United Kingdom",https://www.crunchbase.com/person/susana-quintana-plaza,https://www.linkedin.com/in/susanaquintanaplaza/
Rohini Chakravarthy,Partner,Female,[object Object],"{""valuesByForeignRowId"":{""rec9S4lQvzLdRriTG"":[""Venture Capital""]},""foreignRowIdOrder"":[""rec9S4lQvzLdRriTG""]}","Palo Alto, CA",https://www.crunchbase.com/person/rohini-chakravarthy,
Simeon Iheagwam,Founder,PoC,[object Object],"{""valuesByForeignRowId"":{""reccNK76dqKLhKlA9"":[""Venture Capital"",""Angel""]},""foreignRowIdOrder"":[""reccNK76dqKLhKlA9""]}","New York, NY",https://www.crunchbase.com/organization/noemis-ventures,https://www.linkedin.com/company/noemis-ventures/
Carmichael Roberts,General Partner,PoC,[object Object],"{""valuesByForeignRowId"":{""reccBNcxIl8kzxaUZ"":[""Venture Capital""]},""foreignRowIdOrder"":[""reccBNcxIl8kzxaUZ""]}","Boston, MA",https://www.crunchbase.com/person/carmichael-roberts,https://www.linkedin.com/in/carmichaelsroberts
Lisa Wu,Partner,Female,[object Object],"{""valuesByForeignRowId"":{""recHWsrbG42sYoz45"":[""Venture Capital""]},""foreignRowIdOrder"":[""recHWsrbG42sYoz45""]}","San Francisco, CA",https://www.crunchbase.com/person/lisa-wu,http://www.linkedin.com/pub/lisa-wu/4/31/519
Priti Youssef Choksi,Partner,Female,[object Object],"{""valuesByForeignRowId"":{""recHWsrbG42sYoz45"":[""Venture Capital""]},""foreignRowIdOrder"":[""recHWsrbG42sYoz45""]}","San Francisco, CA",https://www.crunchbase.com/person/priti-choksi,https://www.linkedin.com/in/pritichoksi/
Sonya Brown,General Partner,Female,[object Object],"{""valuesByForeignRowId"":{""recHWsrbG42sYoz45"":[""Venture Capital""]},""foreignRowIdOrder"":[""recHWsrbG42sYoz45""]}","Menlo Park, CA",https://www.crunchbase.com/person/sonya-brown,https://www.linkedin.com/in/brownsonya
Simita Bose,Partner,Female,[object Object],"{""valuesByForeignRowId"":{""reclGJM4buzoHTLAh"":[""Venture Capital""]},""foreignRowIdOrder"":[""reclGJM4buzoHTLAh""]}","Arlington, VA",https://www.crunchbase.com/person/simita-bose,http://www.linkedin.com/in/simitabose
Nancy Floyd,Founder and Managing Director,Female,[object Object],"{""valuesByForeignRowId"":{""reczlnoOxDO4LZhDG"":[""Venture Capital""]},""foreignRowIdOrder"":[""reczlnoOxDO4LZhDG""]}","San Francisco, CA",https://www.crunchbase.com/person/nancy-floyd,http://www.linkedin.com/pub/nancy-floyd/0/768/bb1
Annie Lamont,Managing Partner,Female,[object Object],"{""valuesByForeignRowId"":{""receV3w7bN6Gnu9Jg"":[""Venture Capital""]},""foreignRowIdOrder"":[""receV3w7bN6Gnu9Jg""]}","New York, NY",https://www.crunchbase.com/person/annie-lamont,https://www.linkedin.com/in/annielamont/
Patricia Kemp,General Partner,Female,[object Object],"{""valuesByForeignRowId"":{""receV3w7bN6Gnu9Jg"":[""Venture Capital""]},""foreignRowIdOrder"":[""receV3w7bN6Gnu9Jg""]}","Greenwich, CT",https://www.crunchbase.com/person/patricia-kemp,https://www.linkedin.com/in/patriciafkemp/
Sharon Stevenson,Managing Director,Female,[object Object],"{""valuesByForeignRowId"":{""recuwzCam7kjA4w1F"":[""Venture Capital""]},""foreignRowIdOrder"":[""recuwzCam7kjA4w1F""]}","Laguna Beach, CA",https://www.crunchbase.com/person/sharon-stevenson,https://www.linkedin.com/in/sharon-stevenson-8b34682/
Devon McDonald,Partner,Female,[object Object],"{""valuesByForeignRowId"":{""recXYVRO0qdpSK21M"":[""Venture Capital""]},""foreignRowIdOrder"":[""recXYVRO0qdpSK21M""]}","Boston, MA",https://www.crunchbase.com/person/devon-mcdonald,https://www.linkedin.com/in/devonemcdonald/
Elizabeth Cain,Partner,Female,[object Object],"{""valuesByForeignRowId"":{""recXYVRO0qdpSK21M"":[""Venture Capital""]},""foreignRowIdOrder"":[""recXYVRO0qdpSK21M""]}","Boston, MA",https://www.crunchbase.com/person/elizabeth-cain,https://www.linkedin.com/in/lizcain
Michael Madison,Director-Genesis & Founding Partner,PoC,[object Object],"{""valuesByForeignRowId"":{""rec7O4OsAnaprfgWL"":[""Venture Capital""]},""foreignRowIdOrder"":[""rec7O4OsAnaprfgWL""]}","San Francisco, CA",https://www.crunchbase.com/person/michael-madison,https://www.linkedin.com/in/michaelmadison/
Eren Ozmen,Co-Founder,Female,[object Object],"{""valuesByForeignRowId"":{""rec1037O8I1CQTFUt"":[""Venture Capital""]},""foreignRowIdOrder"":[""rec1037O8I1CQTFUt""]}","Reno, NV",https://www.crunchbase.com/person/eren-ozmen,
Mar Hershenson,"Founder, Managing Partner",Female,"[object Object], [object Object]","{""valuesByForeignRowId"":{""recyRZPDyRts2G9fs"":[""Angel Network""],""recFJ5kGkYgWE7oXD"":[""Venture Capital""]},""foreignRowIdOrder"":[""recyRZPDyRts2G9fs"",""recFJ5kGkYgWE7oXD""]}","San Francisco, CA",https://www.crunchbase.com/person/mar-hershenson,https://www.linkedin.com/in/mar-hershenson-b21395
Joseph Beard,Partner,PoC,[object Object],"{""valuesByForeignRowId"":{""recR9mhuYVGvW1CQw"":[""Venture Capital""]},""foreignRowIdOrder"":[""recR9mhuYVGvW1CQw""]}","Dallas, TX",https://www.crunchbase.com/person/joseph-beard,https://www.linkedin.com/in/josephabeard
Kneeland Youngblood,Founding Partner,PoC,[object Object],"{""valuesByForeignRowId"":{""reczRzBEP0MGumoXi"":[""Venture Capital""]},""foreignRowIdOrder"":[""reczRzBEP0MGumoXi""]}","Dallas, TX",https://www.crunchbase.com/person/kneeland-youngblood,
Sarah Hodges,Partner,Female,[object Object],"{""valuesByForeignRowId"":{""recMGKLVOqICknwER"":[""Venture Capital""]},""foreignRowIdOrder"":[""recMGKLVOqICknwER""]}","Boston, MA",https://www.crunchbase.com/person/sarah-hodges,http://www.linkedin.com/in/sarahhodges1
Tiffany Zhong,Founder,Female,[object Object],"{""valuesByForeignRowId"":{""recDJBmkEt8h77xX4"":[""Venture Capital"",""Angel""]},""foreignRowIdOrder"":[""recDJBmkEt8h77xX4""]}","San Francisco, CA, Los Angeles, CA",https://www.crunchbase.com/person/tiffany-zhong,https://www.linkedin.com/in/tzhongg/
Tracy Saxton,Founder & Managing Partner,Female,[object Object],"{""valuesByForeignRowId"":{""recQnPeHoEcLLHrsS"":[""Venture Capital""]},""foreignRowIdOrder"":[""recQnPeHoEcLLHrsS""]}","San Francisco, CA",https://www.crunchbase.com/person/tracy-saxton,http://www.linkedin.com/pub/tracy-saxton/8/923/629
Laurence Toney,Partner,PoC,"[object Object], [object Object]","{""valuesByForeignRowId"":{""recBt3PlMDITRvkru"":[""Venture Capital""],""recnadKfeM42TBxwh"":[""Venture Capital""]},""foreignRowIdOrder"":[""recBt3PlMDITRvkru"",""recnadKfeM42TBxwh""]}","San Francisco, CA",https://www.crunchbase.com/person/laurence-toney,
Angela Jackson,Managing Partner,Female,[object Object],"{""valuesByForeignRowId"":{""recCkz0tvD0MAkiO6"":[""Venture Capital""]},""foreignRowIdOrder"":[""recCkz0tvD0MAkiO6""]}","Portland, OR",https://www.crunchbase.com/person/angela-jackson,
Barry Adams,Managing Partner,PoC,[object Object],"{""valuesByForeignRowId"":{""rec9GcmcZYW5HDmV7"":[""Venture Capital""]},""foreignRowIdOrder"":[""rec9GcmcZYW5HDmV7""]}","Des Moines, IA",https://www.crunchbase.com/person/barry-adams-23be,https://www.linkedin.com/in/barry-m-adams-a24325b/
Charles Hudson,Managing Partner,PoC,[object Object],"{""valuesByForeignRowId"":{""recoFHf0JVQexzGFn"":[""Venture Capital""]},""foreignRowIdOrder"":[""recoFHf0JVQexzGFn""]}","San Francisco, CA",https://www.crunchbase.com/person/charles-hudson,http://www.linkedin.com/in/chudson
Victoria Beasley,Principal,Female,[object Object],"{""valuesByForeignRowId"":{""recr4l4C2npipxcW3"":[""Venture Capital""]},""foreignRowIdOrder"":[""recr4l4C2npipxcW3""]}","San Francisco, CA",,https://www.linkedin.com/in/vbeasley/
Julie Sandler,Managing Director,Female,"[object Object], [object Object]","{""valuesByForeignRowId"":{""recsgJwYyGso7sYbO"":[""Venture Capital""],""recsKiX1AMJt3BRyB"":[""Venture Capital""]},""foreignRowIdOrder"":[""recsgJwYyGso7sYbO"",""recsKiX1AMJt3BRyB""]}","Seattle, WA",https://www.crunchbase.com/organization/psl-ventures#section-overview,https://www.linkedin.com/company/pioneer-square-labs
Craig Vaughn,Partner,PoC,[object Object],"{""valuesByForeignRowId"":{""recOPUmEkOxUapo0Q"":[""Venture Capital""]},""foreignRowIdOrder"":[""recOPUmEkOxUapo0Q""]}","Los Angeles, CA",https://www.crunchbase.com/person/craig-vaughan-2,
Nasir Jones,Partner,PoC,[object Object],"{""valuesByForeignRowId"":{""recOPUmEkOxUapo0Q"":[""Venture Capital""]},""foreignRowIdOrder"":[""recOPUmEkOxUapo0Q""]}","New York, NY",https://www.crunchbase.com/person/nasir-bin-olu-dara-jones,
Monica Brand Engel,Partner,Female,[object Object],"{""valuesByForeignRowId"":{""recSLHwkijfkT7udb"":[""Venture Capital""]},""foreignRowIdOrder"":[""recSLHwkijfkT7udb""]}","Washington, DC",https://www.crunchbase.com/person/monica-brand-engel,https://www.linkedin.com/in/monicabrandengel
Pedro Torres Picon,Founder,PoC,[object Object],"{""valuesByForeignRowId"":{""rect6hdicZ1PzAKUS"":[""Venture Capital""]},""foreignRowIdOrder"":[""rect6hdicZ1PzAKUS""]}","New York, NY",https://www.crunchbase.com/person/pedro-torres,
Jennifer Zhu Scott,Partner,Female,[object Object],"{""valuesByForeignRowId"":{""rech2vE8cmZ3I0EIt"":[""Angel""]},""foreignRowIdOrder"":[""rech2vE8cmZ3I0EIt""]}","Hong Kong, Hong Kong Island",,
Kat Taylor,Co-Founder and Managing Partner,Female,[object Object],"{""valuesByForeignRowId"":{""recRZ6eQEazFmTB43"":[""Venture Capital""]},""foreignRowIdOrder"":[""recRZ6eQEazFmTB43""]}","Oakland, CA",https://www.crunchbase.com/person/kat-taylor,
Jennifer Carolan,Co-Founder & General Partner,Female,"[object Object], [object Object]","{""valuesByForeignRowId"":{""recyRZPDyRts2G9fs"":[""Angel Network""],""recEDKe8JTlKUdS1K"":[""Venture Capital""]},""foreignRowIdOrder"":[""recyRZPDyRts2G9fs"",""recEDKe8JTlKUdS1K""]}","Palo Alto, CA",https://www.crunchbase.com/person/jennifer-carolan,http://www.linkedin.com/in/jcarolan
Shauntel Poulson,Founder & General Partner,"PoC, Female","[object Object], [object Object]","{""valuesByForeignRowId"":{""recyRZPDyRts2G9fs"":[""Angel Network""],""recEDKe8JTlKUdS1K"":[""Venture Capital""]},""foreignRowIdOrder"":[""recyRZPDyRts2G9fs"",""recEDKe8JTlKUdS1K""]}","Palo Alto, CA",https://www.crunchbase.com/person/shauntel-poulson,
Wayee Chu,General Partner,Female,"[object Object], [object Object]","{""valuesByForeignRowId"":{""recyRZPDyRts2G9fs"":[""Angel Network""],""recEDKe8JTlKUdS1K"":[""Venture Capital""]},""foreignRowIdOrder"":[""recyRZPDyRts2G9fs"",""recEDKe8JTlKUdS1K""]}","San Francisco, CA",https://www.crunchbase.com/person/wayee-chu,https://www.linkedin.com/pub/wayee-chu/1/60/725
Sapna A Shah,Angel (Red Giraffe Advisors),"Female, PoC",[object Object],"{""valuesByForeignRowId"":{""recionVkp9dH5YfVP"":[""Angel""]},""foreignRowIdOrder"":[""recionVkp9dH5YfVP""]}","New York, NY",https://www.crunchbase.com/person/sapna-shah-2,https://www.linkedin.com/in/sapnaashah/
Annie Kadavy,Managing Director,Female,[object Object],"{""valuesByForeignRowId"":{""recjakvdHLuFi9ldT"":[""Venture Capital""]},""foreignRowIdOrder"":[""recjakvdHLuFi9ldT""]}","San Francisco, CA",https://www.crunchbase.com/person/annie-kadavy,http://www.linkedin.com/in/anniekadavy
Astasia Myers,Principal,Female,[object Object],"{""valuesByForeignRowId"":{""recjakvdHLuFi9ldT"":[""Venture Capital""]},""foreignRowIdOrder"":[""recjakvdHLuFi9ldT""]}",,https://www.crunchbase.com/person/astasia-myers,https://www.linkedin.com/in/astasia-myers-91a45640
Medha Agarwal,Principal,Female,[object Object],"{""valuesByForeignRowId"":{""recjakvdHLuFi9ldT"":[""Venture Capital""]},""foreignRowIdOrder"":[""recjakvdHLuFi9ldT""]}",,,
Brian Laung Aoaeh,"Co-Founder, General Partner",PoC,[object Object],,"New York, NY",https://www.crunchbase.com/person/brian-laung-aoaeh,https://www.linkedin.com/in/supplychainoptimization/
Erica Duignan Minnihan,Managing Partner,"PoC, Female",[object Object],"{""valuesByForeignRowId"":{""recP27S4figHy6F9S"":[""Venture Capital""]},""foreignRowIdOrder"":[""recP27S4figHy6F9S""]}","New York, NY",https://www.crunchbase.com/person/erica-duignan-minnihan,https://www.linkedin.com/in/ericaduignanminnihan/
Monique Idlett,Managing Partner,"PoC, Female",[object Object],"{""valuesByForeignRowId"":{""recP27S4figHy6F9S"":[""Venture Capital""]},""foreignRowIdOrder"":[""recP27S4figHy6F9S""]}","Miami, FL",https://www.crunchbase.com/person/monique-idlett-mosley,
Edward Dugger III,President,PoC,[object Object],"{""valuesByForeignRowId"":{""recrZ3GUhyZpSEcsN"":[""Venture Capital""]},""foreignRowIdOrder"":[""recrZ3GUhyZpSEcsN""]}","Boston, MA",https://www.crunchbase.com/person/edward-dugger-iii,https://www.linkedin.com/in/edwardduggeriii/
Heidi Patel,Partner,Female,[object Object],"{""valuesByForeignRowId"":{""recdedNhQqsCm2vy5"":[""Venture Capital""]},""foreignRowIdOrder"":[""recdedNhQqsCm2vy5""]}","San Francisco, CA",https://www.crunchbase.com/person/heidi-patel,https://www.linkedin.com/in/heidi-krauel-patel-a4b5/
Jenny Abramson,Founder & Managing Partner,Female,[object Object],"{""valuesByForeignRowId"":{""recdedNhQqsCm2vy5"":[""Venture Capital""]},""foreignRowIdOrder"":[""recdedNhQqsCm2vy5""]}","Washington, DC",https://www.crunchbase.com/person/jenny-abramson,https://www.linkedin.com/in/jenny-abramson-bb75297
David Hall,Partner,PoC,[object Object],"{""valuesByForeignRowId"":{""recjKXqY3mzVd1DHL"":[""Venture Capital""]},""foreignRowIdOrder"":[""recjKXqY3mzVd1DHL""]}","Washington, DC",https://www.crunchbase.com/person/david-hall-3,https://www.linkedin.com/in/david-hall-102195/
Ilana Diamond,Managing Director,Female,[object Object],"{""valuesByForeignRowId"":{""rec3VQW2I7BEeAItN"":[""Venture Capital""]},""foreignRowIdOrder"":[""rec3VQW2I7BEeAItN""]}","Pittsburgh, PA",https://www.crunchbase.com/organization/riverfront-ventures#section-overview,https://www.linkedin.com/in/ilana-diamond-9162155/
Christina Brodbeck,Managing Partner,Female,[object Object],"{""valuesByForeignRowId"":{""recYaOV7rftiFzB84"":[""Venture Capital""]},""foreignRowIdOrder"":[""recYaOV7rftiFzB84""]}","Los Angeles, CA",https://www.crunchbase.com/person/christina-brodbeck,http://www.linkedin.com/in/christinabrodbeck
Rebeca Hwang,"Co-Founder, Managing Partner",Female,[object Object],"{""valuesByForeignRowId"":{""recYaOV7rftiFzB84"":[""Venture Capital""]},""foreignRowIdOrder"":[""recYaOV7rftiFzB84""]}","San Francisco, CA",https://www.crunchbase.com/person/rebeca-hwang,http://www.linkedin.com/pub/rebeca-eun-young-hwang/0/a26/473
Shadi Mehraein,"Co-Founder, Managing Partner",Female,[object Object],"{""valuesByForeignRowId"":{""recYaOV7rftiFzB84"":[""Venture Capital""]},""foreignRowIdOrder"":[""recYaOV7rftiFzB84""]}","San Francisco, CA",https://www.crunchbase.com/person/shadi-mehraein,https://www.linkedin.com/in/shadimeh
Melinda Rogers,Founder,Female,[object Object],"{""valuesByForeignRowId"":{""recd1boAzaTyXjo4T"":[""Venture Capital""]},""foreignRowIdOrder"":[""recd1boAzaTyXjo4T""]}","Toronto, Canada",https://www.crunchbase.com/person/melinda-rogers,http://ca.linkedin.com/pub/melinda-rogers/4/784/a80
Caroline Lewis,Partner,Female,[object Object],"{""valuesByForeignRowId"":{""recvxpuWUx7B674Ko"":[""Venture Capital""]},""foreignRowIdOrder"":[""recvxpuWUx7B674Ko""]}","Portland, OR",https://www.crunchbase.com/organization/rogue-venture-partners,
Katie Doherty,Co-director,Female,[object Object],"{""valuesByForeignRowId"":{""recF4B6bNPRZ3zSqs"":[""Accelerator""]},""foreignRowIdOrder"":[""recF4B6bNPRZ3zSqs""]}","San Francisco, CA",https://www.crunchbase.com/person/katie-doherty,
Nana Wilberforce,Partner,PoC,[object Object],"{""valuesByForeignRowId"":{""recneZaqSdUB5PFty"":[""Venture Capital""]},""foreignRowIdOrder"":[""recneZaqSdUB5PFty""]}","New York, NY",https://www.crunchbase.com/person/nana-wilberforce,
Winslow Sargeant,Managing Director,PoC,[object Object],"{""valuesByForeignRowId"":{""recYTGF6zv3SU2pbc"":[""Venture Capital""]},""foreignRowIdOrder"":[""recYTGF6zv3SU2pbc""]}","Washington, DC",https://www.crunchbase.com/person/winslow-sargeant,https://www.linkedin.com/in/winslow-sargeant-52a2182/
Claudine Emeott,"Director, Impact Investing",Female,[object Object],"{""valuesByForeignRowId"":{""recmo3CUqsWjumfm5"":[""Venture Capital""]},""foreignRowIdOrder"":[""recmo3CUqsWjumfm5""]}","San Francisco, CA",,https://www.linkedin.com/in/claudineemeott/
Phoebe Peronto,Investor,Female,[object Object],"{""valuesByForeignRowId"":{""recmo3CUqsWjumfm5"":[""Venture Capital""]},""foreignRowIdOrder"":[""recmo3CUqsWjumfm5""]}","San Francisco, CA",,https://www.linkedin.com/in/phoebeperonto
"Elizabeth ""Beezer"" Clarkson",Managing Director,Female,[object Object],"{""valuesByForeignRowId"":{""rec9ucSg7hvl0D1iD"":[""Venture Capital""]},""foreignRowIdOrder"":[""rec9ucSg7hvl0D1iD""]}","Palo Alto, CA",https://www.crunchbase.com/person/elizabeth-beezer-clarkson,http://www.linkedin.com/in/elizabethclarkson
Stacey Bishop,Partner,Female,[object Object],"{""valuesByForeignRowId"":{""recIeKYFBWovNNFMd"":[""Venture Capital""]},""foreignRowIdOrder"":[""recIeKYFBWovNNFMd""]}","Foster City, CA",https://www.crunchbase.com/person/stacey-curry-bishop,https://www.linkedin.com/in/staceycurrybishop/
Kate Mitchell,Partner,Female,"[object Object], [object Object]","{""valuesByForeignRowId"":{""recyRZPDyRts2G9fs"":[""Angel Network""],""recIeKYFBWovNNFMd"":[""Venture Capital""]},""foreignRowIdOrder"":[""recyRZPDyRts2G9fs"",""recIeKYFBWovNNFMd""]}","San Francisco, CA",https://www.crunchbase.com/person/kate-d-mitchell,http://www.linkedin.com/pub/kate-mitchell/0/84/41a
Joaquim Darrel Barros,Managing Director,PoC,[object Object],"{""valuesByForeignRowId"":{""recun8CFW3nMsTO3i"":[""Venture Capital""]},""foreignRowIdOrder"":[""recun8CFW3nMsTO3i""]}","Washington, DC",https://www.crunchbase.com/person/joaquim-darrel-barros,https://www.linkedin.com/in/joaquim-darrel-barros-560335a/
Tony Thomas,Managing Director,PoC,[object Object],"{""valuesByForeignRowId"":{""recun8CFW3nMsTO3i"":[""Venture Capital""]},""foreignRowIdOrder"":[""recun8CFW3nMsTO3i""]}","Washington, DC",https://www.crunchbase.com/person/tony-thomas-3,https://www.linkedin.com/in/tony-thomas-2642336/
Nisa Amoils,VP,Female,[object Object],"{""valuesByForeignRowId"":{""recuFFVj8PkGrEbI5"":[""Venture Capital""]},""foreignRowIdOrder"":[""recuFFVj8PkGrEbI5""]}","New York, NY","www.scoutventures,com",www.linkedin.com/in/nisaamoils
Amy Sun,Partner,Female,[object Object],"{""valuesByForeignRowId"":{""recCirRWtAb2faI5M"":[""Venture Capital""]},""foreignRowIdOrder"":[""recCirRWtAb2faI5M""]}","San Francisco, CA",https://www.crunchbase.com/person/amy-sun,https://www.linkedin.com/in/sunamy/
Jess Lee,Partner,Female,[object Object],"{""valuesByForeignRowId"":{""recCirRWtAb2faI5M"":[""Venture Capital""]},""foreignRowIdOrder"":[""recCirRWtAb2faI5M""]}","Mountain View, CA",https://www.crunchbase.com/person/jess-lee,https://www.linkedin.com/in/jesskah
Shelly Kapoor Collins,Managing Partner,Female,[object Object],"{""valuesByForeignRowId"":{""recJWbrJQqyHedj8g"":[""Venture Capital""]},""foreignRowIdOrder"":[""recJWbrJQqyHedj8g""]}","San Francisco, CA",https://www.crunchbase.com/person/shelly-kapoor-collins,http://www.linkedin.com/in/shellykapoorcollins
Jana Bakunina,Angel,Female,[object Object],"{""valuesByForeignRowId"":{""recYnuM9UjGHWC98E"":[""Angel""]},""foreignRowIdOrder"":[""recYnuM9UjGHWC98E""]}","London, United Kingdom",,
Lord Waheed Ali,Angel,LGBTQ,[object Object],"{""valuesByForeignRowId"":{""recYnuM9UjGHWC98E"":[""Angel""]},""foreignRowIdOrder"":[""recYnuM9UjGHWC98E""]}","London, United Kingdom",https://www.crunchbase.com/person/lord-waheed-alli,
Cody Nystrom,Managing Director,Female,[object Object],"{""valuesByForeignRowId"":{""rec9ZIZ22uQyNlUeM"":[""Venture Capital""]},""foreignRowIdOrder"":[""rec9ZIZ22uQyNlUeM""]}","Richmond, VA",https://www.crunchbase.com/person/cody-nystrom,https://www.linkedin.com/in/codynystrom/
Rene E. Chostner,Director,Female,[object Object],"{""valuesByForeignRowId"":{""recRavv0JYVUrE1U1"":[""Venture Capital""]},""foreignRowIdOrder"":[""recRavv0JYVUrE1U1""]}","San Jose, CA",https://www.crunchbase.com/person/rene-chostner,
Martin Hunt,General PArtner,PoC,[object Object],"{""valuesByForeignRowId"":{""recAEeJnge2hPWxkU"":[""Venture Capital""]},""foreignRowIdOrder"":[""recAEeJnge2hPWxkU""]}","Philadelphia, PA",https://www.crunchbase.com/person/martin-hunt-f8a8,https://www.linkedin.com/in/martinhuntsr/
Elizabeth Galbut,Managing Partner,Female,[object Object],"{""valuesByForeignRowId"":{""reclzppW3GywkdwF6"":[""Venture Capital""]},""foreignRowIdOrder"":[""reclzppW3GywkdwF6""]}","New York, NY",https://www.crunchbase.com/person/elizabeth-galbut#section-overview,www.linkedin.com/in/egalbut
Pocket Sun,Managing Partner,"Female, LGBTQ, PoC",[object Object],"{""valuesByForeignRowId"":{""reclzppW3GywkdwF6"":[""Venture Capital""]},""foreignRowIdOrder"":[""reclzppW3GywkdwF6""]}","Shanghai, China, Singapore",https://www.crunchbase.com/person/pocket-sun,https://www.linkedin.com/in/pocketsun/
Jon Gosier,Founder and General Partner,PoC,[object Object],"{""valuesByForeignRowId"":{""rec8VdHafP6SCpizJ"":[""Venture Capital""]},""foreignRowIdOrder"":[""rec8VdHafP6SCpizJ""]}","Philadelphia, PA",https://www.crunchbase.com/person/jon-gosier-2,http://linkedin.com/in/jongos
Megan Quinn,General Partner,Female,[object Object],"{""valuesByForeignRowId"":{""recTN28dG34iMpmJg"":[""Venture Capital""]},""foreignRowIdOrder"":[""recTN28dG34iMpmJg""]}","San Francisco, CA",https://www.crunchbase.com/person/megan-quinn,https://www.linkedin.com/in/meganquinn/
Joyce Kim,Co-founder and Managing Partner,Female,[object Object],"{""valuesByForeignRowId"":{""recFVbUjkl9uDiP3m"":[""Venture Capital""]},""foreignRowIdOrder"":[""recFVbUjkl9uDiP3m""]}","San Francisco, CA",https://www.crunchbase.com/person/joyce-kim,http://www.linkedin.com/in/joycekim
Shripriya Mahesh,Partner,Female,[object Object],"{""valuesByForeignRowId"":{""recwt0xS0rgoPIVvH"":[""Venture Capital""]},""foreignRowIdOrder"":[""recwt0xS0rgoPIVvH""]}","Redwood City, CA",https://www.crunchbase.com/person/shripriya-mahesh,https://www.linkedin.com/in/shripriya
Dina Routhier,Investment Manager,Female,[object Object],"{""valuesByForeignRowId"":{""recC4iwfVegcAcKoc"":[""Venture Capital""]},""foreignRowIdOrder"":[""recC4iwfVegcAcKoc""]}","Boston, MA",https://www.crunchbase.com/person/dina-routhier,https://www.linkedin.com/in/drouthier/
Trisha Harry,Investment Manager,"Female, PoC",[object Object],"{""valuesByForeignRowId"":{""recC4iwfVegcAcKoc"":[""Venture Capital""]},""foreignRowIdOrder"":[""recC4iwfVegcAcKoc""]}","San Francisco, CA",https://www.crunchbase.com/person/trisha-harry,https://linkedin.com/in/trisha-harry
Laura Sachar,Co-Founder & Managing Partner,Female,[object Object],"{""valuesByForeignRowId"":{""recfoe2TmHNbSTS2B"":[""Venture Capital""]},""foreignRowIdOrder"":[""recfoe2TmHNbSTS2B""]}","New York, NY",https://www.crunchbase.com/person/laura-sachar,http://www.linkedin.com/in/laurasachar
Stella Voutsina,Angel,"Female, LGBTQ",[object Object],"{""valuesByForeignRowId"":{""reco2grlSkRjSCglU"":[""Angel""]},""foreignRowIdOrder"":[""reco2grlSkRjSCglU""]}","New York, NY",,https://www.linkedin.com/in/stellavoutsina/
Alyse Killeen,Managing Partner,Female,[object Object],"{""valuesByForeignRowId"":{""rec1veY3FNQapE0gb"":[""Angel""]},""foreignRowIdOrder"":[""rec1veY3FNQapE0gb""]}","Los Angeles, CA",https://www.crunchbase.com/person/alyse-killeen,
Alex Mendez,Founding Managing Director,PoC,[object Object],"{""valuesByForeignRowId"":{""recfcI0zRFoJpfclK"":[""Venture Capital""]},""foreignRowIdOrder"":[""recfcI0zRFoJpfclK""]}","Menlo Park, CA",https://www.crunchbase.com/person/alex-mendez,https://www.linkedin.com/in/alexmendez
Lisa Feria,CEO,"PoC, Female",[object Object],"{""valuesByForeignRowId"":{""rec2AEDahfqga5NiY"":[""Venture Capital""]},""foreignRowIdOrder"":[""rec2AEDahfqga5NiY""]}","Stilwell, KS",https://www.crunchbase.com/person/lisa-feria,https://www.linkedin.com/in/lisa-feria-411b5744/
Karen Kenworthy,Partner,Female,[object Object],"{""valuesByForeignRowId"":{""recxJV1FN7U3qft3i"":[""Venture Capital""]},""foreignRowIdOrder"":[""recxJV1FN7U3qft3i""]}","New York, NY",https://www.crunchbase.com/person/karen-kenworthy,https://www.linkedin.com/in/karen-kenworthy-723a322a
Jillian Manus,General Partner,Female,[object Object],"{""valuesByForeignRowId"":{""recTdo60C7w2dlA2r"":[""Venture Capital""]},""foreignRowIdOrder"":[""recTdo60C7w2dlA2r""]}","San Francisco, CA",https://www.crunchbase.com/person/jillian-manus,https://www.linkedin.com/in/jillian-manus-19112a13
Kate Bingham,Managing Partner,Female,[object Object],"{""valuesByForeignRowId"":{""recp9njGgq8cziPbI"":[""Venture Capital""]},""foreignRowIdOrder"":[""recp9njGgq8cziPbI""]}","London, United Kingdom",https://www.crunchbase.com/person/kate-bingham,http://www.linkedin.com/pub/kate-bingham/11/53a/195
Consuelo Valverde,Managing Director,"PoC, Female",[object Object],"{""valuesByForeignRowId"":{""rec2xDBKOvdN3axHM"":[""Venture Capital""]},""foreignRowIdOrder"":[""rec2xDBKOvdN3axHM""]}","San Francisco, CA",https://www.crunchbase.com/person/consuelo-valverde,https://www.linkedin.com/in/consuelovalverde/
Duane McKnight,Partner,PoC,[object Object],"{""valuesByForeignRowId"":{""recwzJiaqPSjXzdvT"":[""Venture Capital""]},""foreignRowIdOrder"":[""recwzJiaqPSjXzdvT""]}","Washington, DC",https://www.crunchbase.com/person/duane-c-mcknight,
Timothy Bernard Jones,Founding & Managing Principal,PoC,[object Object],"{""valuesByForeignRowId"":{""rec25skllcSTSDXQE"":[""Angel""]},""foreignRowIdOrder"":[""rec25skllcSTSDXQE""]}","Washington, DC",https://www.crunchbase.com/person/timothy-bernard-jones,http://www.linkedin.com/in/timothybernardjones
Rodney Sampson,Partner,PoC,[object Object],"{""valuesByForeignRowId"":{""recazmWNSCVfNTO5E"":[""Venture Capital""]},""foreignRowIdOrder"":[""recazmWNSCVfNTO5E""]}","Atlanta, GA",https://www.crunchbase.com/person/rodney-sampson,http://www.linkedin.com/in/rodneysampson
Juan Luis Leungli,Partner,PoC,[object Object],"{""valuesByForeignRowId"":{""reciDXR56I8E0D66q"":[""Venture Capital""]},""foreignRowIdOrder"":[""reciDXR56I8E0D66q""]}","Cambridge, MA, Boston, MA, Austin, TX",https://www.crunchbase.com/person/juan-leung-li#section-locked-charts,http://linkedin.com/in/juanlleungli
Adrian Walker,Managing Partner,PoC,[object Object],"{""valuesByForeignRowId"":{""recP21XAin3Zzs8Y5"":[""Venture Capital""]},""foreignRowIdOrder"":[""recP21XAin3Zzs8Y5""]}","San Francisco, CA",https://www.crunchbase.com/person/adrian-walker,http://www.linkedin.com/pub/adrian-walker/47/35a/286
Terri Hanson Mead,Angel Investor,Female,[object Object],"{""valuesByForeignRowId"":{""recYqSIbBqHi3NTi1"":[""Angel""]},""foreignRowIdOrder"":[""recYqSIbBqHi3NTi1""]}","Redwood City, CA",https://www.crunchbase.com/person/terri-mead,https://www.linkedin.com/in/terrimead/
Randall Crowder,CoFounder & Managing Partner,PoC,[object Object],"{""valuesByForeignRowId"":{""recHZg2nN62fktJ66"":[""Venture Capital""]},""foreignRowIdOrder"":[""recHZg2nN62fktJ66""]}","Austin, TX",https://www.crunchbase.com/person/randall-crowder-2,https://www.linkedin.com/in/randallcrowder/
Ann Dewitt,COO,Female,[object Object],"{""valuesByForeignRowId"":{""recZRIHzsevd5WYap"":[""Venture Capital""]},""foreignRowIdOrder"":[""recZRIHzsevd5WYap""]}",,https://www.crunchbase.com/person/anne-dewitt,https://www.linkedin.com/in/ann-dewitt-4772704/
Katie Rae,Managing Partner,Female,[object Object],"{""valuesByForeignRowId"":{""recZRIHzsevd5WYap"":[""Venture Capital""]},""foreignRowIdOrder"":[""recZRIHzsevd5WYap""]}","Boston, MA",https://www.crunchbase.com/person/katie-rae,
Sonja Hoel Perkins,,Female,"[object Object], [object Object]","{""valuesByForeignRowId"":{""recyRZPDyRts2G9fs"":[""Angel Network""],""recdpVBq7ZTkR5Or5"":[""Venture Capital""]},""foreignRowIdOrder"":[""recyRZPDyRts2G9fs"",""recdpVBq7ZTkR5Or5""]}","San Francisco, CA",https://www.crunchbase.com/person/sonja-perkins,
Clara Bullrich,General Partner,Female,[object Object],"{""valuesByForeignRowId"":{""recciUvuPdB7bKqbQ"":[""Venture Capital"",""Accelerator""]},""foreignRowIdOrder"":[""recciUvuPdB7bKqbQ""]}","Miami, FL",https://www.crunchbase.com/person/clara-bullrich,https://www.linkedin.com/in/clara-bullrich-2172a91a/
Laura Gonzalez-Estefani,General Partner,Female,[object Object],"{""valuesByForeignRowId"":{""recciUvuPdB7bKqbQ"":[""Venture Capital"",""Accelerator""]},""foreignRowIdOrder"":[""recciUvuPdB7bKqbQ""]}","Menlo Park, CA",https://www.crunchbase.com/person/laura-gonz%C3%A1lez-est%C3%A9fani,https://www.linkedin.com/in/lauragonzalezestefani/
Monica Black,Partner,"Female, PoC, LGBTQ",[object Object],"{""valuesByForeignRowId"":{""recciUvuPdB7bKqbQ"":[""Venture Capital"",""Accelerator""]},""foreignRowIdOrder"":[""recciUvuPdB7bKqbQ""]}","Miami, FL",https://www.crunchbase.com/person/monica-simo-black,https://www.linkedin.com/company/theventurecity/
Shana Fisher,Managing Partner,Female,[object Object],"{""valuesByForeignRowId"":{""recqyGqKT9VXqoW1t"":[""Venture Capital""]},""foreignRowIdOrder"":[""recqyGqKT9VXqoW1t""]}","New York, NY",https://www.crunchbase.com/person/shana-fisher,
Ita Ekpoudom,Managing Partner,"PoC, Female",[object Object],"{""valuesByForeignRowId"":{""recDAWyiIpZKHrrlh"":[""Angel""]},""foreignRowIdOrder"":[""recDAWyiIpZKHrrlh""]}","New York, NY",https://www.crunchbase.com/person/ita-ekpoudom,
Sheila Gulati,Managing Director,Female,[object Object],"{""valuesByForeignRowId"":{""recadTW2sbCKHvFCR"":[""Venture Capital""]},""foreignRowIdOrder"":[""recadTW2sbCKHvFCR""]}","Seattle, WA",https://www.crunchbase.com/person/sheila-gulati,https://www.linkedin.com/in/sheilagulati
Garth Timoll,Managing Director,PoC,[object Object],"{""valuesByForeignRowId"":{""recUG9nmxzT6aZC5C"":[""Venture Capital""]},""foreignRowIdOrder"":[""recUG9nmxzT6aZC5C""]}","San Francisco, CA",https://www.crunchbase.com/person/garth-timoll,https://www.linkedin.com/in/garth-timoll-sr-3529431/
Jessica Archibald,Managing Director,Female,[object Object],"{""valuesByForeignRowId"":{""recUG9nmxzT6aZC5C"":[""Venture Capital""]},""foreignRowIdOrder"":[""recUG9nmxzT6aZC5C""]}","San Francisco, CA",https://www.crunchbase.com/person/jessica-archibald,https://www.linkedin.com/pub/jessica-archibald/0/26/814
Lisa Edgar,Managing Director,Female,[object Object],"{""valuesByForeignRowId"":{""recUG9nmxzT6aZC5C"":[""Venture Capital""]},""foreignRowIdOrder"":[""recUG9nmxzT6aZC5C""]}","San Francisco, CA",https://www.crunchbase.com/person/lisa-edgar,https://www.linkedin.com/pub/lisa-edgar/1/b00/928?trk=pub-pbmap
Heather Preston,Partner and Managing Director,Female,[object Object],"{""valuesByForeignRowId"":{""recDqxxJCQwLrRuTR"":[""Venture Capital""]},""foreignRowIdOrder"":[""recDqxxJCQwLrRuTR""]}","San Francisco, CA",https://www.crunchbase.com/person/heather-preston,http://www.linkedin.com/pub/heather-preston/10/355/286
Marina Hadjipateras,Managing Partner,Female,[object Object],"{""valuesByForeignRowId"":{""recEuTAsRGWSSDvAC"":[""Venture Capital""]},""foreignRowIdOrder"":[""recEuTAsRGWSSDvAC""]}","New York, NY",https://www.crunchbase.com/organization/trail-mix-ventures,https://www.linkedin.com/company/trailmixventures
Soraya Darabi,General Partner,Female,[object Object],"{""valuesByForeignRowId"":{""recEuTAsRGWSSDvAC"":[""Venture Capital""]},""foreignRowIdOrder"":[""recEuTAsRGWSSDvAC""]}","New York, NY",https://www.crunchbase.com/organization/trail-mix-ventures,https://www.linkedin.com/company/trailmixventures
Veronica Osinski,Managing Partner,Female,[object Object],"{""valuesByForeignRowId"":{""recIN5LojMo2hP8dy"":[""Angel""]},""foreignRowIdOrder"":[""recIN5LojMo2hP8dy""]}","San Francisco, CA",https://www.crunchbase.com/person/veronica-osinski,
Anjula Acharia Bath,Partner,Female,[object Object],"{""valuesByForeignRowId"":{""rec2CSx8S3SeoNQaT"":[""Venture Capital""]},""foreignRowIdOrder"":[""rec2CSx8S3SeoNQaT""]}","Los Angeles, CA",https://www.crunchbase.com/person/anjula-acharia-bath,https://www.linkedin.com/in/anjula-acharia-206735/
Patricia Nakache,General Partner,Female,"[object Object], [object Object]","{""valuesByForeignRowId"":{""recyRZPDyRts2G9fs"":[""Angel Network""],""rec2CSx8S3SeoNQaT"":[""Venture Capital""]},""foreignRowIdOrder"":[""recyRZPDyRts2G9fs"",""rec2CSx8S3SeoNQaT""]}","Menlo Park, CA",https://www.crunchbase.com/person/patricia-nakache,http://www.linkedin.com/in/pnakache
Sara Brand,General Partner,Female,[object Object],"{""valuesByForeignRowId"":{""recAKpDEAvKT5HFwi"":[""Venture Capital""]},""foreignRowIdOrder"":[""recAKpDEAvKT5HFwi""]}","Austin, TX",https://www.crunchbase.com/person/sara-brand,https://www.linkedin.com/in/saratbrand
Al Foreman,Partner,PoC,[object Object],"{""valuesByForeignRowId"":{""rec610tc5y39d9k0f"":[""Venture Capital""]},""foreignRowIdOrder"":[""rec610tc5y39d9k0f""]}","New York, NY",https://www.crunchbase.com/person/al-foreman,
Jennifer Hanley,Managing Director,Female,[object Object],"{""valuesByForeignRowId"":{""recgnn6eBdCYSMWRq"":[""Venture Capital""]},""foreignRowIdOrder"":[""recgnn6eBdCYSMWRq""]}","Boston, MA",https://www.crunchbase.com/person/jennifer-hanley,https://www.linkedin.com/pub/jennifer-hanley/42/752/978
Dafina Toncheva,Partner,Female,[object Object],"{""valuesByForeignRowId"":{""rec1rxAeklqxgzc2s"":[""Venture Capital""]},""foreignRowIdOrder"":[""rec1rxAeklqxgzc2s""]}","Menlo Park, CA",https://www.crunchbase.com/person/dafina-toncheva,http://www.linkedin.com/in/dafinat
Miriam Rivera,Co-Founder & Managing Partner,"PoC, Female",[object Object],"{""valuesByForeignRowId"":{""reckozY3Nxs04Yp95"":[""Venture Capital""]},""foreignRowIdOrder"":[""reckozY3Nxs04Yp95""]}","Palo Alto, CA",https://www.crunchbase.com/person/miriam-rivera,https://www.linkedin.com/in/miriamrivera/
Stephanie Palmeri,Partner,Female,"[object Object], [object Object]","{""valuesByForeignRowId"":{""recyRZPDyRts2G9fs"":[""Angel Network""],""recf1twTn3IOO8dSg"":[""Venture Capital""]},""foreignRowIdOrder"":[""recyRZPDyRts2G9fs"",""recf1twTn3IOO8dSg""]}","San Francisco, CA",https://www.crunchbase.com/person/steph-palmeri,http://www.linkedin.com/in/stephpalmeri
Rebecca Kaden,General Partner,Female,[object Object],"{""valuesByForeignRowId"":{""recKxHSwUblZ5rFnT"":[""Venture Capital""]},""foreignRowIdOrder"":[""recKxHSwUblZ5rFnT""]}","San Francisco, CA",https://www.crunchbase.com/person/rebecca-kaden,http://www.linkedin.com/pub/rebecca-kaden/10/b22/802
Kara Nortman,Partner,Female,[object Object],"{""valuesByForeignRowId"":{""rec3WYO8Yg3DPYlXp"":[""Venture Capital""]},""foreignRowIdOrder"":[""rec3WYO8Yg3DPYlXp""]}","Los Angeles, CA",https://www.crunchbase.com/person/kara-nortman,https://www.linkedin.com/in/karanortman
Kobie Fuller,Partner,PoC,[object Object],"{""valuesByForeignRowId"":{""rec3WYO8Yg3DPYlXp"":[""Venture Capital""]},""foreignRowIdOrder"":[""rec3WYO8Yg3DPYlXp""]}","Los Angeles, CA",https://www.crunchbase.com/person/kobie-fuller,http://www.linkedin.com/in/kobiefuller
Shuly Galili,General Partner,Female,[object Object],"{""valuesByForeignRowId"":{""recg4v9GjpeOglgiH"":[""Venture Capital""]},""foreignRowIdOrder"":[""recg4v9GjpeOglgiH""]}","Palo Alto, CA",https://www.crunchbase.com/person/shuly-galili,https://www.linkedin.com/in/shulygalili/
Camille Samuels,Partner,Female,[object Object],"{""valuesByForeignRowId"":{""recd6zqNVebssfvhl"":[""Venture Capital""]},""foreignRowIdOrder"":[""recd6zqNVebssfvhl""]}","Palo Alto, CA",https://www.crunchbase.com/person/camille-samuels,https://www.linkedin.com/in/camisamuels
Vernon Lee,Co-Chair,PoC,[object Object],"{""valuesByForeignRowId"":{""rectQbVDIqqkbTd4i"":[""Angel Network""]},""foreignRowIdOrder"":[""rectQbVDIqqkbTd4i""]}","Washington, DC",https://www.crunchbase.com/person/vernon-lee-jr,
Clare Ozawa,Managing Director,Female,[object Object],"{""valuesByForeignRowId"":{""recCRKdmuHzEd8VtU"":[""Venture Capital""]},""foreignRowIdOrder"":[""recCRKdmuHzEd8VtU""]}","San Diego, CA",https://www.crunchbase.com/person/clare-ozawa,https://www.linkedin.com/in/clare-ozawa-2181211/
Angela Tran Kingyens,Partner,Female,[object Object],"{""valuesByForeignRowId"":{""recs0DUDXjq8ZdHiE"":[""Venture Capital""]},""foreignRowIdOrder"":[""recs0DUDXjq8ZdHiE""]}","Palo Alto, CA",https://www.crunchbase.com/person/angela-tran-kingyens,
Victoria Fram,Co-Founder & Managing Director,Female,[object Object],"{""valuesByForeignRowId"":{""recasupM5KacECYiL"":[""Venture Capital"",""Accelerator""]},""foreignRowIdOrder"":[""recasupM5KacECYiL""]}","San Francisco, CA",https://www.crunchbase.com/person/victoria-fram#section-overview,https://www.linkedin.com/in/victoria-fram-5a23a02/
Anne Dwane,Partner,Female,[object Object],"{""valuesByForeignRowId"":{""recqfU6bZu2fUciP6"":[""Venture Capital""]},""foreignRowIdOrder"":[""recqfU6bZu2fUciP6""]}","San Francisco, CA",https://www.crunchbase.com/person/anne-dwane,
Erik Torenberg,Partner,PoC,[object Object],"{""valuesByForeignRowId"":{""recqfU6bZu2fUciP6"":[""Venture Capital""]},""foreignRowIdOrder"":[""recqfU6bZu2fUciP6""]}","San Francisco, CA",https://www.crunchbase.com/person/erik-torenberg,
Robert F. Smith,CEO & Chairman of the Board,PoC,[object Object],"{""valuesByForeignRowId"":{""reci25oNBvmbEt44B"":[""Growth Equity""]},""foreignRowIdOrder"":[""reci25oNBvmbEt44B""]}","Austin, TX",https://www.crunchbase.com/person/robert-f-smith,https://www.linkedin.com/in/robertfredericksmith/
Diane Fraiman,Partner,Female,[object Object],"{""valuesByForeignRowId"":{""recmua3tauVXShGHw"":[""Venture Capital""]},""foreignRowIdOrder"":[""recmua3tauVXShGHw""]}","Portland, OR",https://www.crunchbase.com/person/diane-fraiman,https://www.linkedin.com/in/diane-fraiman-63663a1/
Mary Coleman,Managing Director,Female,[object Object],"{""valuesByForeignRowId"":{""recNFtPs9NUe4ij4Q"":[""Venture Capital""]},""foreignRowIdOrder"":[""recNFtPs9NUe4ij4Q""]}","San Francisco, CA",https://www.crunchbase.com/person/mary-coleman-2,https://www.linkedin.com/pub/mary-coleman/0/187/9b7
Yimin Zimmerer,Managing Director,Female,[object Object],"{""valuesByForeignRowId"":{""recNFtPs9NUe4ij4Q"":[""Venture Capital""]},""foreignRowIdOrder"":[""recNFtPs9NUe4ij4Q""]}","San Francisco, CA",https://www.crunchbase.com/person/yimin-zimmerer,
Sara Adler,General Partner,Female,[object Object],"{""valuesByForeignRowId"":{""rec9FaRfz4Owja86r"":[""Venture Capital""]},""foreignRowIdOrder"":[""rec9FaRfz4Owja86r""]}","San Francisco, CA",https://www.crunchbase.com/person/sara--tillim--adler,
Beth Seidenberg,General Partner,Female,"[object Object], [object Object]","{""valuesByForeignRowId"":{""recm199xLEiShov5k"":[""Venture Capital""],""recsO3T7UawGB49x0"":[""Venture Capital""]},""foreignRowIdOrder"":[""recm199xLEiShov5k"",""recsO3T7UawGB49x0""]}","Los Angeles, CA",https://www.crunchbase.com/person/beth-seidenberg,
Yvonne Chen,Partner,Female,[object Object],"{""valuesByForeignRowId"":{""recMyW7jEPNH9Fry2"":[""Venture Capital""]},""foreignRowIdOrder"":[""recMyW7jEPNH9Fry2""]}","Taipei, Taiwan",https://www.crunchbase.com/person/yvonne-chen,https://www.linkedin.com/in/yvonne-chen-53a28714/
Katherine Barr,Founding Partner,Female,[object Object],"{""valuesByForeignRowId"":{""recPzrQhL0xfEutTv"":[""Venture Capital""]},""foreignRowIdOrder"":[""recPzrQhL0xfEutTv""]}","San Mateo, CA",https://www.crunchbase.com/person/katherine-barr,http://www.linkedin.com/in/barrkatherine
Alex Washington,Managing Director,PoC,[object Object],"{""valuesByForeignRowId"":{""recvSqJSyiLIE8rpJ"":[""Venture Capital""]},""foreignRowIdOrder"":[""recvSqJSyiLIE8rpJ""]}","Chicago, IL",https://www.crunchbase.com/person/alex-washington,https://www.linkedin.com/in/alex-washington-71542a26/
Anthony Saleh ,Partner,PoC,[object Object],"{""valuesByForeignRowId"":{""rec0JhXYU1oBEaW9D"":[""Venture Capital""]},""foreignRowIdOrder"":[""rec0JhXYU1oBEaW9D""]}","Los Angeles, CA",https://www.crunchbase.com/person/anthony-saleh,
Shane Kelly,Founder & Managing Partner,PoC,[object Object],"{""valuesByForeignRowId"":{""recZtXGcwqwPZs9Pv"":[""Angel Network""]},""foreignRowIdOrder"":[""recZtXGcwqwPZs9Pv""]}","Los Angeles, CA",https://www.crunchbase.com/person/shane-kelly-2,https://www.linkedin.com/in/shanekellymg
Anna Palmer,Partner,Female,[object Object],"{""valuesByForeignRowId"":{""rechndp2O1dU0o4Um"":[""Angel Network"",""Venture Capital""]},""foreignRowIdOrder"":[""rechndp2O1dU0o4Um""]}","Boston, MA",https://www.crunchbase.com/person/anna-palmer-2,
Aubrie Pagano,Partner,Female,[object Object],"{""valuesByForeignRowId"":{""rechndp2O1dU0o4Um"":[""Angel Network"",""Venture Capital""]},""foreignRowIdOrder"":[""rechndp2O1dU0o4Um""]}","New York, NY",https://www.crunchbase.com/person/aubrie-pagano,
Danielle Morrill,Partner,Female,[object Object],"{""valuesByForeignRowId"":{""rechndp2O1dU0o4Um"":[""Angel Network"",""Venture Capital""]},""foreignRowIdOrder"":[""rechndp2O1dU0o4Um""]}","San Francisco, CA",https://www.crunchbase.com/person/danielle-morrill,
Erica Brescia,Partner,Female,[object Object],"{""valuesByForeignRowId"":{""rechndp2O1dU0o4Um"":[""Angel Network"",""Venture Capital""]},""foreignRowIdOrder"":[""rechndp2O1dU0o4Um""]}","San Francisco, CA",https://www.crunchbase.com/person/erica-brescia,
Jessica Mah,Partner,Female,[object Object],"{""valuesByForeignRowId"":{""rechndp2O1dU0o4Um"":[""Angel Network"",""Venture Capital""]},""foreignRowIdOrder"":[""rechndp2O1dU0o4Um""]}","San Francisco, CA",https://www.crunchbase.com/person/jessica-mah,
Liz Whitman,Partner,Female,[object Object],"{""valuesByForeignRowId"":{""rechndp2O1dU0o4Um"":[""Angel Network"",""Venture Capital""]},""foreignRowIdOrder"":[""rechndp2O1dU0o4Um""]}","New York, NY",https://www.crunchbase.com/person/elizabeth-r-whitman,
Nicole Sanchez,Partner,"PoC, Female",[object Object],"{""valuesByForeignRowId"":{""rechndp2O1dU0o4Um"":[""Angel Network"",""Venture Capital""]},""foreignRowIdOrder"":[""rechndp2O1dU0o4Um""]}","New York, NY",https://www.crunchbase.com/person/nicole-sanchez-2,https://www.linkedin.com/in/nicolemsanchez1
Ooshma Garg,Partner,Female,[object Object],"{""valuesByForeignRowId"":{""rechndp2O1dU0o4Um"":[""Angel Network"",""Venture Capital""]},""foreignRowIdOrder"":[""rechndp2O1dU0o4Um""]}","San Francisco, CA",https://www.crunchbase.com/person/ooshma-garg,
Adora Cheung,Partner,Female,[object Object],"{""valuesByForeignRowId"":{""recqIr6fs1XeUfrMS"":[""Accelerator"",""Venture Capital""]},""foreignRowIdOrder"":[""recqIr6fs1XeUfrMS""]}","San Francisco, CA",https://www.crunchbase.com/person/adora-cheung-2,http://www.linkedin.com/in/adoracheung
Carolynn Levy,Partner & GC,Female,[object Object],"{""valuesByForeignRowId"":{""recqIr6fs1XeUfrMS"":[""Accelerator"",""Venture Capital""]},""foreignRowIdOrder"":[""recqIr6fs1XeUfrMS""]}","Mountain View, CA",https://www.crunchbase.com/person/carolynn-levy,
Kat Manalac,Partner & Marketing,Female,[object Object],"{""valuesByForeignRowId"":{""recqIr6fs1XeUfrMS"":[""Accelerator"",""Venture Capital""]},""foreignRowIdOrder"":[""recqIr6fs1XeUfrMS""]}","San Francisco, CA",https://www.crunchbase.com/person/kat-manalac,https://www.linkedin.com/in/katmanalac
Kirsty Nathoo,Partner & CFO,Female,[object Object],"{""valuesByForeignRowId"":{""recqIr6fs1XeUfrMS"":[""Accelerator"",""Venture Capital""]},""foreignRowIdOrder"":[""recqIr6fs1XeUfrMS""]}","San Francisco, CA",https://www.crunchbase.com/person/kirsty-nathoo,https://www.linkedin.com/in/kirstynathoo/
Michael Seibel,Partner,PoC,[object Object],"{""valuesByForeignRowId"":{""recqIr6fs1XeUfrMS"":[""Accelerator"",""Venture Capital""]},""foreignRowIdOrder"":[""recqIr6fs1XeUfrMS""]}","San Francisco, CA",https://www.crunchbase.com/person/michael-seibel,https://www.linkedin.com/in/mwseibel/
Anu Hariharan,Partner,Female,[object Object],"{""valuesByForeignRowId"":{""recjjTSQqykyGe2yW"":[""Venture Capital""]},""foreignRowIdOrder"":[""recjjTSQqykyGe2yW""]}","San Francisco, CA",https://www.crunchbase.com/person/anu-hariharan,https://www.linkedin.com/in/anuhariharan
Jocelyn Goldfein,Managing Director,Female,[object Object],"{""valuesByForeignRowId"":{""recaRpT0VCb70c3YB"":[""Venture Capital""]},""foreignRowIdOrder"":[""recaRpT0VCb70c3YB""]}","Palo Alto, CA",https://www.crunchbase.com/person/jocelyn-goldfein,https://www.linkedin.com/in/jgoldfein
Ritika Mahajan,Angel,"Female, PoC",,,"New York, NY",,https://www.linkedin.com/in/ritika-singh1/
Tasha Seitz,Partner,"Female, PoC",[object Object],"{""valuesByForeignRowId"":{""recIRjZcwh9ydcyRb"":[""Venture Capital""]},""foreignRowIdOrder"":[""recIRjZcwh9ydcyRb""]}","Chicago, IL",,https://www.linkedin.com/in/tashaseitz
Jessica Droste Yagan,Managing Partner,Female,[object Object],"{""valuesByForeignRowId"":{""recIRjZcwh9ydcyRb"":[""Venture Capital""]},""foreignRowIdOrder"":[""recIRjZcwh9ydcyRb""]}","Chicago, IL",,https://www.linkedin.com/in/drosteyagan
Vicky Shum,Partner,"Female, PoC",[object Object],"{""valuesByForeignRowId"":{""recmwsBXS1kMrFSvw"":[""Venture Capital""]},""foreignRowIdOrder"":[""recmwsBXS1kMrFSvw""]}","Palo Alto, CA",,https://www.linkedin.com/in/vickyshum/
Rob Theis,General Partner,PoC,[object Object],"{""valuesByForeignRowId"":{""recmwsBXS1kMrFSvw"":[""Venture Capital""]},""foreignRowIdOrder"":[""recmwsBXS1kMrFSvw""]}","Palo Alto, CA",https://www.crunchbase.com/person/rob-theis,https://www.linkedin.com/in/robtheis/
Linda Guo,Partner,"Female, PoC",[object Object],"{""valuesByForeignRowId"":{""rec8L4vLsdKcCAgUh"":[""Growth Equity""]},""foreignRowIdOrder"":[""rec8L4vLsdKcCAgUh""]}","New York, NY",,https://www.linkedin.com/in/lindaguo
Deb Kemper,General Partner,Female,"[object Object], [object Object], [object Object]","{""valuesByForeignRowId"":{""rec8B6d7paCu0R7Rl"":[""Venture Capital""],""rec7U7GbWTgW0Jw4q"":[""Venture Capital""],""recqdYvP2reNi2i0d"":[""Venture Capital""]},""foreignRowIdOrder"":[""rec8B6d7paCu0R7Rl"",""rec7U7GbWTgW0Jw4q"",""recqdYvP2reNi2i0d""]}","Boston, MA, New York, NY",https://www.crunchbase.com/person/deb-kemper#section-overview,https://www.linkedin.com/in/debkemper/
Lani Nguyen,"Partner, Design","Female, PoC",[object Object],"{""valuesByForeignRowId"":{""rec5TuelOXf5NNZfI"":[""Venture Capital""]},""foreignRowIdOrder"":[""rec5TuelOXf5NNZfI""]}","San Francisco, CA",https://www.crunchbase.com/person/lani-nguyen,https://www.linkedin.com/in/lanstermonster/
Benjamin Lee,Managing Director,PoC,[object Object],"{""valuesByForeignRowId"":{""recLGw99l6i9DFdXP"":[""Venture Capital""]},""foreignRowIdOrder"":[""recLGw99l6i9DFdXP""]}","San Francisco, CA",,https://www.linkedin.com/in/benlee-08043/
Alison Ryu,Managing Director,"Female, PoC",[object Object],"{""valuesByForeignRowId"":{""recLGw99l6i9DFdXP"":[""Venture Capital""]},""foreignRowIdOrder"":[""recLGw99l6i9DFdXP""]}","San Francisco, CA",,
Yardley Pohl,Angel ,Female,,,"San Francisco, CA",,http://linkedin.com/in/yardleypohl
Soumitra Sharma,Angel,PoC,,,"San Francisco, CA",,http://linkedin.com/in/soumitrasharma5
Sarah Nolet,General Partner,Female,[object Object],"{""valuesByForeignRowId"":{""rec0O77FFEPETTSx6"":[""Venture Capital""]},""foreignRowIdOrder"":[""rec0O77FFEPETTSx6""]}",,,https://www.linkedin.com/in/svnolet/
Saniya Gandhi Bhardwaj,Partner,Female,,,"San Francisco, CA, Singapore",,https://www.linkedin.com/in/saniyagb/
Sara Deshpande,Partner,Female,[object Object],"{""valuesByForeignRowId"":{""recKBRVHR70yP3L2t"":[""Venture Capital""]},""foreignRowIdOrder"":[""recKBRVHR70yP3L2t""]}","San Francisco, CA",,https://www.linkedin.com/in/saradeshpande/
Heyu Huang,Partner ,Female,[object Object],"{""valuesByForeignRowId"":{""recyA83yO4yQfmoh5"":[""Venture Capital""]},""foreignRowIdOrder"":[""recyA83yO4yQfmoh5""]}","San Francisco, CA",,https://www.linkedin.com/in/heyuhuang/
Samara Mejia Hernandez,Founding Partner,"Female, PoC",[object Object],"{""valuesByForeignRowId"":{""recRZO3zXACeJNol3"":[""Venture Capital""]},""foreignRowIdOrder"":[""recRZO3zXACeJNol3""]}","Chicago, IL",,http://linkedin.com/in/samaramejia
Ana Quintana,Managing Partner,Female,[object Object],"{""valuesByForeignRowId"":{""recUfaAjXyD6IBkuz"":[""Venture Capital""]},""foreignRowIdOrder"":[""recUfaAjXyD6IBkuz""]}","Los Angeles, CA",https://www.crunchbase.com/person/ana-quintana#section-overview,https://www.linkedin.com/in/anaquintana/
Ollen Douglass,Managing Director,PoC,[object Object],"{""valuesByForeignRowId"":{""reclfwgGDgsRwJCAT"":[""Venture Capital""]},""foreignRowIdOrder"":[""reclfwgGDgsRwJCAT""]}","Washington, DC",https://www.crunchbase.com/person/ollen-douglass,www.linkedin.com/in/ollendouglass
Kimmy Paluch,Managing Partner,"Female, PoC","[object Object], [object Object]","{""valuesByForeignRowId"":{""recd8JNSxedT7QD06"":[""Venture Capital""],""rechwhV2cZQzNWcD4"":[""Venture Capital""]},""foreignRowIdOrder"":[""recd8JNSxedT7QD06"",""rechwhV2cZQzNWcD4""]}","Park City, Utah",https://www.crunchbase.com/person/kimmy-paluch,https://www.linkedin.com/in/kimmy/
Susan McPherson,Founder and CEO,Female,[object Object],"{""valuesByForeignRowId"":{""recwH4hOJfBULVhfW"":[""Angel""]},""foreignRowIdOrder"":[""recwH4hOJfBULVhfW""]}",,,https://www.linkedin.com/in/susanmcpherson/